{
	"credit": "Made with Blockbench",
	"textures": {
		"0": "block/cmodels/rail",
		"1": "block/cmodels/wire_off",
		"3": "block/cmodels/activator_rail_line",
		"particle": "block/cmodels/rail"
	},
	"elements": [
		{
			"from": [1, 7.77817, 0.29289],
			"to": [15, 7.97817, 2.29289],
			"rotation": {"angle": 45, "axis": "x", "origin": [8, 8, 8]},
			"faces": {
				"north": {"uv": [0, 0.578, 14, 1.043], "texture": "#0"},
				"east": {"uv": [0, 0.359, 2, 0.825], "texture": "#0"},
				"south": {"uv": [0, 1.032, 14, 1.591], "texture": "#0"},
				"west": {"uv": [0, 0.719, 2.766, 1.184], "texture": "#0"},
				"up": {"uv": [0, 0.359, 16, 4.406], "texture": "#0"},
				"down": {"uv": [0, 0.453, 16, 4.406], "texture": "#0"}
			}
		},
		{
			"from": [10.7, 11.3, -12],
			"to": [11.3, 12.2, 11.1],
			"rotation": {"angle": 45, "axis": "x", "origin": [0, 0, 0]},
			"faces": {
				"north": {"uv": [0, 4.92578, 0.57813, 5.55469], "texture": "#0"},
				"east": {"uv": [0, 4.92578, 16, 5.55469], "texture": "#0"},
				"south": {"uv": [0, 4.92578, 0.60938, 5.55469], "texture": "#0"},
				"west": {"uv": [0, 4.92578, 16, 5.55469], "texture": "#0"},
				"up": {"uv": [0, 4.9375, 16, 5.54688], "rotation": 90, "texture": "#0"},
				"down": {"uv": [0, 4.9375, 15.98438, 5.54688], "rotation": 90, "texture": "#0"}
			}
		},
		{
			"from": [10.7, 12.201, -12],
			"to": [11.3, 12.201, 11.1],
			"rotation": {"angle": 45, "axis": "x", "origin": [0, 0, 0]},
			"faces": {
				"up": {"uv": [0, 4.9375, 16, 5.54688], "rotation": 90, "texture": "#3"}
			}
		},
		{
			"from": [4.5, 12.201, -12],
			"to": [5.1, 12.201, 11.1],
			"rotation": {"angle": 45, "axis": "x", "origin": [0, 0, 0]},
			"faces": {
				"up": {"uv": [0, 4.9375, 16, 5.54688], "rotation": 90, "texture": "#3"}
			}
		},
		{
			"from": [7.55, 11.5, -5],
			"to": [8.45, 11.8, -3],
			"rotation": {"angle": 45, "axis": "x", "origin": [0, 0, 0]},
			"faces": {
				"east": {"uv": [11.28906, 0.55469, 12.64063, 0.80469], "texture": "#1"},
				"south": {"uv": [0, 0, 0, 0], "texture": "#1"},
				"west": {"uv": [11.28906, 0.55469, 12.64063, 0.80469], "texture": "#1"},
				"up": {"uv": [13.76563, 0, 15.52344, 0.90625], "rotation": 90, "texture": "#1"},
				"down": {"uv": [11.28906, 0.55469, 12.64063, 0.80469], "texture": "#1"}
			}
		},
		{
			"from": [7.55, 11.5, -3],
			"to": [8.45, 11.8, 4],
			"rotation": {"angle": 45, "axis": "x", "origin": [0, 0, 0]},
			"faces": {
				"north": {"uv": [0, 0, 0, 0], "texture": "#1"},
				"east": {"uv": [11.28906, 0.55469, 12.64063, 0.80469], "texture": "#1"},
				"south": {"uv": [0, 0, 0, 0], "texture": "#1"},
				"west": {"uv": [11.28906, 0.55469, 12.64063, 0.80469], "texture": "#1"},
				"up": {"uv": [8.50781, 0, 16, 0.90625], "rotation": 90, "texture": "#1"},
				"down": {"uv": [11.28906, 0.55469, 12.64063, 0.80469], "texture": "#1"}
			}
		},
		{
			"from": [7.55, 11.5, 4],
			"to": [8.45, 11.8, 11.1],
			"rotation": {"angle": 45, "axis": "x", "origin": [0, 0, 0]},
			"faces": {
				"east": {"uv": [11.28906, 0.55469, 12.64063, 0.80469], "texture": "#1"},
				"south": {"uv": [11.28906, 0.55469, 12.64063, 0.80469], "texture": "#1"},
				"west": {"uv": [11.28906, 0.55469, 12.64063, 0.80469], "texture": "#1"},
				"up": {"uv": [8.6875, 0, 16, 0.90625], "rotation": 90, "texture": "#1"},
				"down": {"uv": [11.28906, 0.55469, 12.64063, 0.80469], "texture": "#1"}
			}
		},
		{
			"from": [7.55, 11.5, -12],
			"to": [8.45, 11.8, -5],
			"rotation": {"angle": 45, "axis": "x", "origin": [0, 0, 0]},
			"faces": {
				"north": {"uv": [11.28906, 0.55469, 12.64063, 0.80469], "texture": "#1"},
				"east": {"uv": [11.28906, 0.55469, 12.64063, 0.80469], "texture": "#1"},
				"west": {"uv": [11.28906, 0.55469, 12.64063, 0.80469], "texture": "#1"},
				"up": {"uv": [8.50781, 0, 16, 0.90625], "rotation": 90, "texture": "#1"},
				"down": {"uv": [11.28906, 0.55469, 12.64063, 0.80469], "texture": "#1"}
			}
		},
		{
			"from": [4.5, 11.3, -12],
			"to": [5.1, 12.2, 11.1],
			"rotation": {"angle": 45, "axis": "x", "origin": [0, 0, 0]},
			"faces": {
				"north": {"uv": [0, 4.92578, 0.57813, 5.55469], "texture": "#0"},
				"east": {"uv": [0, 4.92578, 16, 5.55469], "texture": "#0"},
				"south": {"uv": [0, 4.92578, 0.60938, 5.55469], "texture": "#0"},
				"west": {"uv": [0, 4.92578, 16, 5.55469], "texture": "#0"},
				"up": {"uv": [0, 4.9375, 16, 5.54688], "rotation": 90, "texture": "#0"},
				"down": {"uv": [0, 4.9375, 15.98438, 5.54688], "rotation": 90, "texture": "#0"}
			}
		},
		{
			"from": [1, 7.77817, -3.94975],
			"to": [15, 7.97817, -1.94975],
			"rotation": {"angle": 45, "axis": "x", "origin": [8, 8, 8]},
			"faces": {
				"north": {"uv": [0, 0.578, 14, 1.043], "texture": "#0"},
				"east": {"uv": [0, 0.359, 2, 0.825], "texture": "#0"},
				"south": {"uv": [0, 1.032, 14, 1.591], "texture": "#0"},
				"west": {"uv": [0, 0.719, 2.766, 1.184], "texture": "#0"},
				"up": {"uv": [0, 0.359, 16, 4.406], "texture": "#0"},
				"down": {"uv": [0, 0.453, 16, 4.406], "texture": "#0"}
			}
		},
		{
			"from": [1, 7.77817, 15.84924],
			"to": [15, 7.97817, 17.84924],
			"rotation": {"angle": 45, "axis": "x", "origin": [8, 8, 8]},
			"faces": {
				"north": {"uv": [0, 0.578, 14, 1.043], "texture": "#0"},
				"east": {"uv": [0, 0.359, 2, 0.825], "texture": "#0"},
				"south": {"uv": [0, 1.032, 14, 1.591], "texture": "#0"},
				"west": {"uv": [0, 0.719, 2.766, 1.184], "texture": "#0"},
				"up": {"uv": [0, 0.359, 16, 4.406], "texture": "#0"},
				"down": {"uv": [0, 0.453, 16, 4.406], "texture": "#0"}
			}
		},
		{
			"from": [1, 7.77817, 4.29289],
			"to": [15, 7.97817, 6.29289],
			"rotation": {"angle": 45, "axis": "x", "origin": [8, 8, 8]},
			"faces": {
				"north": {"uv": [0, 0.578, 14, 1.043], "texture": "#0"},
				"east": {"uv": [0, 0.359, 2, 0.825], "texture": "#0"},
				"south": {"uv": [0, 1.032, 14, 1.591], "texture": "#0"},
				"west": {"uv": [0, 0.719, 2.766, 1.184], "texture": "#0"},
				"up": {"uv": [0, 0.359, 16, 4.406], "texture": "#0"},
				"down": {"uv": [0, 0.453, 16, 4.406], "texture": "#0"}
			}
		},
		{
			"from": [1, 7.77817, 8.29289],
			"to": [15, 7.97817, 10.29289],
			"rotation": {"angle": 45, "axis": "x", "origin": [8, 8, 8]},
			"faces": {
				"north": {"uv": [0, 0.578, 14, 1.043], "texture": "#0"},
				"east": {"uv": [0, 0.359, 2, 0.825], "texture": "#0"},
				"south": {"uv": [0, 1.032, 14, 1.591], "texture": "#0"},
				"west": {"uv": [0, 0.719, 2.766, 1.184], "texture": "#0"},
				"up": {"uv": [0, 0.359, 16, 4.406], "texture": "#0"},
				"down": {"uv": [0, 0.453, 16, 4.406], "texture": "#0"}
			}
		},
		{
			"from": [1, 7.77817, 12.29289],
			"to": [15, 7.97817, 14.29289],
			"rotation": {"angle": 45, "axis": "x", "origin": [8, 8, 8]},
			"faces": {
				"north": {"uv": [0, 0.578, 14, 1.043], "texture": "#0"},
				"east": {"uv": [0, 0.359, 2, 0.825], "texture": "#0"},
				"south": {"uv": [0, 1.032, 14, 1.591], "texture": "#0"},
				"west": {"uv": [0, 0.719, 2.766, 1.184], "texture": "#0"},
				"up": {"uv": [0, 0.359, 16, 4.406], "texture": "#0"},
				"down": {"uv": [0, 0.453, 16, 4.406], "texture": "#0"}
			}
		},
		{
			"from": [12.4, 7.97817, 12.49289],
			"to": [12.5, 8.67817, 14.09289],
			"rotation": {"angle": 45, "axis": "x", "origin": [8, 8, 8]},
			"faces": {
				"north": {"uv": [0, 10.125, 2.694, 12.513], "texture": "#0"},
				"south": {"uv": [0, 10.125, 2.694, 12.513], "texture": "#0"},
				"west": {"uv": [0, 10.125, 2.694, 12.513], "texture": "#0"},
				"up": {"uv": [0, 10.125, 2.694, 12.513], "rotation": 180, "texture": "#0"}
			}
		},
		{
			"from": [12.4, 7.97817, 8.49289],
			"to": [12.5, 8.67817, 10.09289],
			"rotation": {"angle": 45, "axis": "x", "origin": [8, 8, 8]},
			"faces": {
				"north": {"uv": [0, 10.125, 2.694, 12.513], "texture": "#0"},
				"south": {"uv": [0, 10.125, 2.694, 12.513], "texture": "#0"},
				"west": {"uv": [0, 10.125, 2.694, 12.513], "texture": "#0"},
				"up": {"uv": [0, 10.125, 2.694, 12.513], "rotation": 180, "texture": "#0"}
			}
		},
		{
			"from": [12.4, 7.97817, 4.49289],
			"to": [12.5, 8.67817, 6.09289],
			"rotation": {"angle": 45, "axis": "x", "origin": [8, 8, 8]},
			"faces": {
				"north": {"uv": [0, 10.125, 2.694, 12.513], "texture": "#0"},
				"south": {"uv": [0, 10.125, 2.694, 12.513], "texture": "#0"},
				"west": {"uv": [0, 10.125, 2.694, 12.513], "texture": "#0"},
				"up": {"uv": [0, 10.125, 2.694, 12.513], "rotation": 180, "texture": "#0"}
			}
		},
		{
			"from": [12.4, 7.97817, 0.49289],
			"to": [12.5, 8.67817, 2.09289],
			"rotation": {"angle": 45, "axis": "x", "origin": [8, 8, 8]},
			"faces": {
				"north": {"uv": [0, 10.125, 2.694, 12.513], "texture": "#0"},
				"south": {"uv": [0, 10.125, 2.694, 12.513], "texture": "#0"},
				"west": {"uv": [0, 10.125, 2.694, 12.513], "texture": "#0"},
				"up": {"uv": [0, 10.125, 2.694, 12.513], "rotation": 180, "texture": "#0"}
			}
		},
		{
			"from": [12.4, 7.97817, -3.74975],
			"to": [12.5, 8.67817, -2.14975],
			"rotation": {"angle": 45, "axis": "x", "origin": [8, 8, 8]},
			"faces": {
				"north": {"uv": [0, 10.125, 2.694, 12.513], "texture": "#0"},
				"south": {"uv": [0, 10.125, 2.694, 12.513], "texture": "#0"},
				"west": {"uv": [0, 10.125, 2.694, 12.513], "texture": "#0"},
				"up": {"uv": [0, 10.125, 2.694, 12.513], "rotation": 180, "texture": "#0"}
			}
		},
		{
			"from": [12.4, 7.97817, 16.04924],
			"to": [12.5, 8.67817, 17.64924],
			"rotation": {"angle": 45, "axis": "x", "origin": [8, 8, 8]},
			"faces": {
				"north": {"uv": [0, 10.125, 2.694, 12.513], "texture": "#0"},
				"south": {"uv": [0, 10.125, 2.694, 12.513], "texture": "#0"},
				"west": {"uv": [0, 10.125, 2.694, 12.513], "texture": "#0"},
				"up": {"uv": [0, 10.125, 2.694, 12.513], "rotation": 180, "texture": "#0"}
			}
		},
		{
			"from": [11.7, 8.07817, 13.19289],
			"to": [12.4, 8.27817, 13.39289],
			"rotation": {"angle": 45, "axis": "x", "origin": [8, 8, 8]},
			"faces": {
				"north": {"uv": [0, 10.359, 2.386, 12.339], "texture": "#0"},
				"south": {"uv": [0, 10.359, 2.386, 12.339], "texture": "#0"},
				"west": {"uv": [0, 10.359, 2.386, 12.339], "texture": "#0"},
				"up": {"uv": [0, 10.359, 2.386, 12.339], "rotation": 180, "texture": "#0"}
			}
		},
		{
			"from": [11.7, 8.07817, 9.19289],
			"to": [12.4, 8.27817, 9.39289],
			"rotation": {"angle": 45, "axis": "x", "origin": [8, 8, 8]},
			"faces": {
				"north": {"uv": [0, 10.359, 2.386, 12.339], "texture": "#0"},
				"south": {"uv": [0, 10.359, 2.386, 12.339], "texture": "#0"},
				"west": {"uv": [0, 10.359, 2.386, 12.339], "texture": "#0"},
				"up": {"uv": [0, 10.359, 2.386, 12.339], "rotation": 180, "texture": "#0"}
			}
		},
		{
			"from": [11.7, 8.07817, 5.19289],
			"to": [12.4, 8.27817, 5.39289],
			"rotation": {"angle": 45, "axis": "x", "origin": [8, 8, 8]},
			"faces": {
				"north": {"uv": [0, 10.359, 2.386, 12.339], "texture": "#0"},
				"south": {"uv": [0, 10.359, 2.386, 12.339], "texture": "#0"},
				"west": {"uv": [0, 10.359, 2.386, 12.339], "texture": "#0"},
				"up": {"uv": [0, 10.359, 2.386, 12.339], "rotation": 180, "texture": "#0"}
			}
		},
		{
			"from": [11.7, 8.07817, 1.19289],
			"to": [12.4, 8.27817, 1.39289],
			"rotation": {"angle": 45, "axis": "x", "origin": [8, 8, 8]},
			"faces": {
				"north": {"uv": [0, 10.359, 2.386, 12.339], "texture": "#0"},
				"south": {"uv": [0, 10.359, 2.386, 12.339], "texture": "#0"},
				"west": {"uv": [0, 10.359, 2.386, 12.339], "texture": "#0"},
				"up": {"uv": [0, 10.359, 2.386, 12.339], "rotation": 180, "texture": "#0"}
			}
		},
		{
			"from": [11.7, 8.07817, -3.04975],
			"to": [12.4, 8.27817, -2.84975],
			"rotation": {"angle": 45, "axis": "x", "origin": [8, 8, 8]},
			"faces": {
				"north": {"uv": [0, 10.359, 2.386, 12.339], "texture": "#0"},
				"south": {"uv": [0, 10.359, 2.386, 12.339], "texture": "#0"},
				"west": {"uv": [0, 10.359, 2.386, 12.339], "texture": "#0"},
				"up": {"uv": [0, 10.359, 2.386, 12.339], "rotation": 180, "texture": "#0"}
			}
		},
		{
			"from": [11.7, 8.07817, 16.74924],
			"to": [12.4, 8.27817, 16.94924],
			"rotation": {"angle": 45, "axis": "x", "origin": [8, 8, 8]},
			"faces": {
				"north": {"uv": [0, 10.359, 2.386, 12.339], "texture": "#0"},
				"south": {"uv": [0, 10.359, 2.386, 12.339], "texture": "#0"},
				"west": {"uv": [0, 10.359, 2.386, 12.339], "texture": "#0"},
				"up": {"uv": [0, 10.359, 2.386, 12.339], "rotation": 180, "texture": "#0"}
			}
		},
		{
			"from": [12.23604, 8.27106, 13.19289],
			"to": [12.43604, 8.67106, 13.39289],
			"rotation": {"angle": 45, "axis": "x", "origin": [8, 8, 8]},
			"faces": {
				"north": {"uv": [0, 10.359, 1.199, 11.915], "rotation": 90, "texture": "#0"},
				"south": {"uv": [0, 10.359, 1.199, 11.915], "rotation": 90, "texture": "#0"},
				"west": {"uv": [0, 10.359, 1.199, 11.915], "rotation": 90, "texture": "#0"},
				"up": {"uv": [0, 10.359, 1.199, 11.915], "rotation": 270, "texture": "#0"}
			}
		},
		{
			"from": [12.23604, 8.27106, 9.19289],
			"to": [12.43604, 8.67106, 9.39289],
			"rotation": {"angle": 45, "axis": "x", "origin": [8, 8, 8]},
			"faces": {
				"north": {"uv": [0, 10.359, 1.199, 11.915], "rotation": 90, "texture": "#0"},
				"south": {"uv": [0, 10.359, 1.199, 11.915], "rotation": 90, "texture": "#0"},
				"west": {"uv": [0, 10.359, 1.199, 11.915], "rotation": 90, "texture": "#0"},
				"up": {"uv": [0, 10.359, 1.199, 11.915], "rotation": 270, "texture": "#0"}
			}
		},
		{
			"from": [12.23604, 8.27106, 5.19289],
			"to": [12.43604, 8.67106, 5.39289],
			"rotation": {"angle": 45, "axis": "x", "origin": [8, 8, 8]},
			"faces": {
				"north": {"uv": [0, 10.359, 1.199, 11.915], "rotation": 90, "texture": "#0"},
				"south": {"uv": [0, 10.359, 1.199, 11.915], "rotation": 90, "texture": "#0"},
				"west": {"uv": [0, 10.359, 1.199, 11.915], "rotation": 90, "texture": "#0"},
				"up": {"uv": [0, 10.359, 1.199, 11.915], "rotation": 270, "texture": "#0"}
			}
		},
		{
			"from": [12.23604, 8.27106, 1.19289],
			"to": [12.43604, 8.67106, 1.39289],
			"rotation": {"angle": 45, "axis": "x", "origin": [8, 8, 8]},
			"faces": {
				"north": {"uv": [0, 10.359, 1.199, 11.915], "rotation": 90, "texture": "#0"},
				"south": {"uv": [0, 10.359, 1.199, 11.915], "rotation": 90, "texture": "#0"},
				"west": {"uv": [0, 10.359, 1.199, 11.915], "rotation": 90, "texture": "#0"},
				"up": {"uv": [0, 10.359, 1.199, 11.915], "rotation": 270, "texture": "#0"}
			}
		},
		{
			"from": [12.23604, 8.27106, -3.04975],
			"to": [12.43604, 8.67106, -2.84975],
			"rotation": {"angle": 45, "axis": "x", "origin": [8, 8, 8]},
			"faces": {
				"north": {"uv": [0, 10.359, 1.199, 11.915], "rotation": 90, "texture": "#0"},
				"south": {"uv": [0, 10.359, 1.199, 11.915], "rotation": 90, "texture": "#0"},
				"west": {"uv": [0, 10.359, 1.199, 11.915], "rotation": 90, "texture": "#0"},
				"up": {"uv": [0, 10.359, 1.199, 11.915], "rotation": 270, "texture": "#0"}
			}
		},
		{
			"from": [12.23604, 8.27106, 16.74924],
			"to": [12.43604, 8.67106, 16.94924],
			"rotation": {"angle": 45, "axis": "x", "origin": [8, 8, 8]},
			"faces": {
				"north": {"uv": [0, 10.359, 1.199, 11.915], "rotation": 90, "texture": "#0"},
				"south": {"uv": [0, 10.359, 1.199, 11.915], "rotation": 90, "texture": "#0"},
				"west": {"uv": [0, 10.359, 1.199, 11.915], "rotation": 90, "texture": "#0"},
				"up": {"uv": [0, 10.359, 1.199, 11.915], "rotation": 270, "texture": "#0"}
			}
		},
		{
			"from": [13.4, 7.97817, 0.99289],
			"to": [13.9, 8.17817, 1.59289],
			"rotation": {"angle": 45, "axis": "x", "origin": [8, 8, 8]},
			"faces": {
				"north": {"uv": [1.313, 10.313, 3.733, 12.233], "texture": "#0"},
				"east": {"uv": [1.313, 10.313, 3.733, 12.233], "texture": "#0"},
				"south": {"uv": [1.313, 10.313, 3.733, 12.233], "texture": "#0"},
				"up": {"uv": [1.313, 10.313, 3.733, 12.233], "texture": "#0"}
			}
		},
		{
			"from": [13.4, 7.97817, -3.24975],
			"to": [13.9, 8.17817, -2.64975],
			"rotation": {"angle": 45, "axis": "x", "origin": [8, 8, 8]},
			"faces": {
				"north": {"uv": [1.313, 10.313, 3.733, 12.233], "texture": "#0"},
				"east": {"uv": [1.313, 10.313, 3.733, 12.233], "texture": "#0"},
				"south": {"uv": [1.313, 10.313, 3.733, 12.233], "texture": "#0"},
				"up": {"uv": [1.313, 10.313, 3.733, 12.233], "texture": "#0"}
			}
		},
		{
			"from": [13.4, 7.97817, 16.54924],
			"to": [13.9, 8.17817, 17.14924],
			"rotation": {"angle": 45, "axis": "x", "origin": [8, 8, 8]},
			"faces": {
				"north": {"uv": [1.313, 10.313, 3.733, 12.233], "texture": "#0"},
				"east": {"uv": [1.313, 10.313, 3.733, 12.233], "texture": "#0"},
				"south": {"uv": [1.313, 10.313, 3.733, 12.233], "texture": "#0"},
				"up": {"uv": [1.313, 10.313, 3.733, 12.233], "texture": "#0"}
			}
		},
		{
			"from": [13.4, 7.97817, 4.99289],
			"to": [13.9, 8.17817, 5.59289],
			"rotation": {"angle": 45, "axis": "x", "origin": [8, 8, 8]},
			"faces": {
				"north": {"uv": [1.313, 10.313, 3.733, 12.233], "texture": "#0"},
				"east": {"uv": [1.313, 10.313, 3.733, 12.233], "texture": "#0"},
				"south": {"uv": [1.313, 10.313, 3.733, 12.233], "texture": "#0"},
				"up": {"uv": [1.313, 10.313, 3.733, 12.233], "texture": "#0"}
			}
		},
		{
			"from": [13.4, 7.97817, 8.99289],
			"to": [13.9, 8.17817, 9.59289],
			"rotation": {"angle": 45, "axis": "x", "origin": [8, 8, 8]},
			"faces": {
				"north": {"uv": [1.313, 10.313, 3.733, 12.233], "texture": "#0"},
				"east": {"uv": [1.313, 10.313, 3.733, 12.233], "texture": "#0"},
				"south": {"uv": [1.313, 10.313, 3.733, 12.233], "texture": "#0"},
				"up": {"uv": [1.313, 10.313, 3.733, 12.233], "texture": "#0"}
			}
		},
		{
			"from": [13.4, 7.97817, 12.99289],
			"to": [13.9, 8.17817, 13.59289],
			"rotation": {"angle": 45, "axis": "x", "origin": [8, 8, 8]},
			"faces": {
				"north": {"uv": [1.313, 10.313, 3.733, 12.233], "texture": "#0"},
				"east": {"uv": [1.313, 10.313, 3.733, 12.233], "texture": "#0"},
				"south": {"uv": [1.313, 10.313, 3.733, 12.233], "texture": "#0"},
				"up": {"uv": [1.313, 10.313, 3.733, 12.233], "texture": "#0"}
			}
		},
		{
			"from": [11.7, 7.97817, 12.49289],
			"to": [12.4, 8.07817, 14.09289],
			"rotation": {"angle": 45, "axis": "x", "origin": [8, 8, 8]},
			"faces": {
				"north": {"uv": [0, 10.266, 3.262, 12.412], "rotation": 90, "texture": "#0"},
				"south": {"uv": [0, 10.266, 3.262, 12.412], "rotation": 90, "texture": "#0"},
				"west": {"uv": [0, 10.266, 3.262, 12.412], "rotation": 90, "texture": "#0"},
				"up": {"uv": [0, 10.266, 3.262, 12.412], "rotation": 270, "texture": "#0"}
			}
		},
		{
			"from": [11.7, 7.97817, 8.49289],
			"to": [12.4, 8.07817, 10.09289],
			"rotation": {"angle": 45, "axis": "x", "origin": [8, 8, 8]},
			"faces": {
				"north": {"uv": [0, 10.266, 3.262, 12.412], "rotation": 90, "texture": "#0"},
				"south": {"uv": [0, 10.266, 3.262, 12.412], "rotation": 90, "texture": "#0"},
				"west": {"uv": [0, 10.266, 3.262, 12.412], "rotation": 90, "texture": "#0"},
				"up": {"uv": [0, 10.266, 3.262, 12.412], "rotation": 270, "texture": "#0"}
			}
		},
		{
			"from": [11.7, 7.97817, 4.49289],
			"to": [12.4, 8.07817, 6.09289],
			"rotation": {"angle": 45, "axis": "x", "origin": [8, 8, 8]},
			"faces": {
				"north": {"uv": [0, 10.266, 3.262, 12.412], "rotation": 90, "texture": "#0"},
				"south": {"uv": [0, 10.266, 3.262, 12.412], "rotation": 90, "texture": "#0"},
				"west": {"uv": [0, 10.266, 3.262, 12.412], "rotation": 90, "texture": "#0"},
				"up": {"uv": [0, 10.266, 3.262, 12.412], "rotation": 270, "texture": "#0"}
			}
		},
		{
			"from": [11.7, 7.97817, 0.49289],
			"to": [12.4, 8.07817, 2.09289],
			"rotation": {"angle": 45, "axis": "x", "origin": [8, 8, 8]},
			"faces": {
				"north": {"uv": [0, 10.266, 3.262, 12.412], "rotation": 90, "texture": "#0"},
				"south": {"uv": [0, 10.266, 3.262, 12.412], "rotation": 90, "texture": "#0"},
				"west": {"uv": [0, 10.266, 3.262, 12.412], "rotation": 90, "texture": "#0"},
				"up": {"uv": [0, 10.266, 3.262, 12.412], "rotation": 270, "texture": "#0"}
			}
		},
		{
			"from": [11.7, 7.97817, -3.74975],
			"to": [12.4, 8.07817, -2.14975],
			"rotation": {"angle": 45, "axis": "x", "origin": [8, 8, 8]},
			"faces": {
				"north": {"uv": [0, 10.266, 3.262, 12.412], "rotation": 90, "texture": "#0"},
				"south": {"uv": [0, 10.266, 3.262, 12.412], "rotation": 90, "texture": "#0"},
				"west": {"uv": [0, 10.266, 3.262, 12.412], "rotation": 90, "texture": "#0"},
				"up": {"uv": [0, 10.266, 3.262, 12.412], "rotation": 270, "texture": "#0"}
			}
		},
		{
			"from": [11.7, 7.97817, 16.04924],
			"to": [12.4, 8.07817, 17.64924],
			"rotation": {"angle": 45, "axis": "x", "origin": [8, 8, 8]},
			"faces": {
				"north": {"uv": [0, 10.266, 3.262, 12.412], "rotation": 90, "texture": "#0"},
				"south": {"uv": [0, 10.266, 3.262, 12.412], "rotation": 90, "texture": "#0"},
				"west": {"uv": [0, 10.266, 3.262, 12.412], "rotation": 90, "texture": "#0"},
				"up": {"uv": [0, 10.266, 3.262, 12.412], "rotation": 270, "texture": "#0"}
			}
		},
		{
			"from": [11.9, 8.07817, 12.59289],
			"to": [12.1, 8.12817, 12.79289],
			"rotation": {"angle": 45, "axis": "x", "origin": [8, 8, 8]},
			"faces": {
				"north": {"uv": [1.032, 10.625, 2.163, 11.591], "texture": "#0"},
				"east": {"uv": [1.032, 10.625, 2.163, 11.591], "texture": "#0"},
				"south": {"uv": [1.032, 10.625, 2.163, 11.591], "texture": "#0"},
				"west": {"uv": [1.032, 10.625, 2.163, 11.591], "texture": "#0"},
				"up": {"uv": [6.312, 6.282, 9.678, 9.717], "rotation": 180, "texture": "#0"}
			}
		},
		{
			"from": [11.9, 8.07817, 8.59289],
			"to": [12.1, 8.12817, 8.79289],
			"rotation": {"angle": 45, "axis": "x", "origin": [8, 8, 8]},
			"faces": {
				"north": {"uv": [1.032, 10.625, 2.163, 11.591], "texture": "#0"},
				"east": {"uv": [1.032, 10.625, 2.163, 11.591], "texture": "#0"},
				"south": {"uv": [1.032, 10.625, 2.163, 11.591], "texture": "#0"},
				"west": {"uv": [1.032, 10.625, 2.163, 11.591], "texture": "#0"},
				"up": {"uv": [6.312, 6.282, 9.678, 9.717], "rotation": 180, "texture": "#0"}
			}
		},
		{
			"from": [11.9, 8.07817, 4.59289],
			"to": [12.1, 8.12817, 4.79289],
			"rotation": {"angle": 45, "axis": "x", "origin": [8, 8, 8]},
			"faces": {
				"north": {"uv": [1.032, 10.625, 2.163, 11.591], "texture": "#0"},
				"east": {"uv": [1.032, 10.625, 2.163, 11.591], "texture": "#0"},
				"south": {"uv": [1.032, 10.625, 2.163, 11.591], "texture": "#0"},
				"west": {"uv": [1.032, 10.625, 2.163, 11.591], "texture": "#0"},
				"up": {"uv": [6.312, 6.282, 9.678, 9.717], "rotation": 180, "texture": "#0"}
			}
		},
		{
			"from": [11.9, 8.07817, 0.59289],
			"to": [12.1, 8.12817, 0.79289],
			"rotation": {"angle": 45, "axis": "x", "origin": [8, 8, 8]},
			"faces": {
				"north": {"uv": [1.032, 10.625, 2.163, 11.591], "texture": "#0"},
				"east": {"uv": [1.032, 10.625, 2.163, 11.591], "texture": "#0"},
				"south": {"uv": [1.032, 10.625, 2.163, 11.591], "texture": "#0"},
				"west": {"uv": [1.032, 10.625, 2.163, 11.591], "texture": "#0"},
				"up": {"uv": [6.312, 6.282, 9.678, 9.717], "rotation": 180, "texture": "#0"}
			}
		},
		{
			"from": [11.9, 8.07817, -3.64975],
			"to": [12.1, 8.12817, -3.44975],
			"rotation": {"angle": 45, "axis": "x", "origin": [8, 8, 8]},
			"faces": {
				"north": {"uv": [1.032, 10.625, 2.163, 11.591], "texture": "#0"},
				"east": {"uv": [1.032, 10.625, 2.163, 11.591], "texture": "#0"},
				"south": {"uv": [1.032, 10.625, 2.163, 11.591], "texture": "#0"},
				"west": {"uv": [1.032, 10.625, 2.163, 11.591], "texture": "#0"},
				"up": {"uv": [6.312, 6.282, 9.678, 9.717], "rotation": 180, "texture": "#0"}
			}
		},
		{
			"from": [11.9, 8.07817, 16.14924],
			"to": [12.1, 8.12817, 16.34924],
			"rotation": {"angle": 45, "axis": "x", "origin": [8, 8, 8]},
			"faces": {
				"north": {"uv": [1.032, 10.625, 2.163, 11.591], "texture": "#0"},
				"east": {"uv": [1.032, 10.625, 2.163, 11.591], "texture": "#0"},
				"south": {"uv": [1.032, 10.625, 2.163, 11.591], "texture": "#0"},
				"west": {"uv": [1.032, 10.625, 2.163, 11.591], "texture": "#0"},
				"up": {"uv": [6.312, 6.282, 9.678, 9.717], "rotation": 180, "texture": "#0"}
			}
		},
		{
			"from": [11.9, 8.07817, 13.79289],
			"to": [12.1, 8.12817, 13.99289],
			"rotation": {"angle": 45, "axis": "x", "origin": [8, 8, 8]},
			"faces": {
				"north": {"uv": [1.032, 10.625, 2.163, 11.591], "texture": "#0"},
				"east": {"uv": [1.032, 10.625, 2.163, 11.591], "texture": "#0"},
				"south": {"uv": [1.032, 10.625, 2.163, 11.591], "texture": "#0"},
				"west": {"uv": [1.032, 10.625, 2.163, 11.591], "texture": "#0"},
				"up": {"uv": [6.312, 6.282, 9.678, 9.717], "rotation": 180, "texture": "#0"}
			}
		},
		{
			"from": [11.9, 8.07817, 9.79289],
			"to": [12.1, 8.12817, 9.99289],
			"rotation": {"angle": 45, "axis": "x", "origin": [8, 8, 8]},
			"faces": {
				"north": {"uv": [1.032, 10.625, 2.163, 11.591], "texture": "#0"},
				"east": {"uv": [1.032, 10.625, 2.163, 11.591], "texture": "#0"},
				"south": {"uv": [1.032, 10.625, 2.163, 11.591], "texture": "#0"},
				"west": {"uv": [1.032, 10.625, 2.163, 11.591], "texture": "#0"},
				"up": {"uv": [6.312, 6.282, 9.678, 9.717], "rotation": 180, "texture": "#0"}
			}
		},
		{
			"from": [11.9, 8.07817, 5.79289],
			"to": [12.1, 8.12817, 5.99289],
			"rotation": {"angle": 45, "axis": "x", "origin": [8, 8, 8]},
			"faces": {
				"north": {"uv": [1.032, 10.625, 2.163, 11.591], "texture": "#0"},
				"east": {"uv": [1.032, 10.625, 2.163, 11.591], "texture": "#0"},
				"south": {"uv": [1.032, 10.625, 2.163, 11.591], "texture": "#0"},
				"west": {"uv": [1.032, 10.625, 2.163, 11.591], "texture": "#0"},
				"up": {"uv": [6.312, 6.282, 9.678, 9.717], "rotation": 180, "texture": "#0"}
			}
		},
		{
			"from": [11.9, 8.07817, 1.79289],
			"to": [12.1, 8.12817, 1.99289],
			"rotation": {"angle": 45, "axis": "x", "origin": [8, 8, 8]},
			"faces": {
				"north": {"uv": [1.032, 10.625, 2.163, 11.591], "texture": "#0"},
				"east": {"uv": [1.032, 10.625, 2.163, 11.591], "texture": "#0"},
				"south": {"uv": [1.032, 10.625, 2.163, 11.591], "texture": "#0"},
				"west": {"uv": [1.032, 10.625, 2.163, 11.591], "texture": "#0"},
				"up": {"uv": [6.312, 6.282, 9.678, 9.717], "rotation": 180, "texture": "#0"}
			}
		},
		{
			"from": [11.9, 8.07817, -2.44975],
			"to": [12.1, 8.12817, -2.24975],
			"rotation": {"angle": 45, "axis": "x", "origin": [8, 8, 8]},
			"faces": {
				"north": {"uv": [1.032, 10.625, 2.163, 11.591], "texture": "#0"},
				"east": {"uv": [1.032, 10.625, 2.163, 11.591], "texture": "#0"},
				"south": {"uv": [1.032, 10.625, 2.163, 11.591], "texture": "#0"},
				"west": {"uv": [1.032, 10.625, 2.163, 11.591], "texture": "#0"},
				"up": {"uv": [6.312, 6.282, 9.678, 9.717], "rotation": 180, "texture": "#0"}
			}
		},
		{
			"from": [11.9, 8.07817, 17.34924],
			"to": [12.1, 8.12817, 17.54924],
			"rotation": {"angle": 45, "axis": "x", "origin": [8, 8, 8]},
			"faces": {
				"north": {"uv": [1.032, 10.625, 2.163, 11.591], "texture": "#0"},
				"east": {"uv": [1.032, 10.625, 2.163, 11.591], "texture": "#0"},
				"south": {"uv": [1.032, 10.625, 2.163, 11.591], "texture": "#0"},
				"west": {"uv": [1.032, 10.625, 2.163, 11.591], "texture": "#0"},
				"up": {"uv": [6.312, 6.282, 9.678, 9.717], "rotation": 180, "texture": "#0"}
			}
		},
		{
			"from": [13.4, 8.07817, -0.70711],
			"to": [13.5, 8.77817, -0.60711],
			"rotation": {"angle": 45, "axis": "x", "origin": [8, 8, 8]},
			"faces": {
				"north": {"uv": [3.719, 14.532, 5.959, 14.996], "texture": "#0"},
				"east": {"uv": [3.719, 14.532, 5.959, 14.996], "texture": "#0"},
				"south": {"uv": [3.719, 14.532, 5.959, 14.996], "texture": "#0"}
			}
		},
		{
			"from": [13.4, 8.07817, 1.29289],
			"to": [13.5, 8.77817, 1.39289],
			"rotation": {"angle": 45, "axis": "x", "origin": [8, 8, 8]},
			"faces": {
				"north": {"uv": [3.719, 14.532, 5.959, 14.996], "texture": "#0"},
				"east": {"uv": [3.719, 14.532, 5.959, 14.996], "texture": "#0"},
				"south": {"uv": [3.719, 14.532, 5.959, 14.996], "texture": "#0"}
			}
		},
		{
			"from": [13.4, 8.07817, 3.29289],
			"to": [13.5, 8.77817, 3.39289],
			"rotation": {"angle": 45, "axis": "x", "origin": [8, 8, 8]},
			"faces": {
				"north": {"uv": [3.719, 14.532, 5.959, 14.996], "texture": "#0"},
				"east": {"uv": [3.719, 14.532, 5.959, 14.996], "texture": "#0"},
				"south": {"uv": [3.719, 14.532, 5.959, 14.996], "texture": "#0"}
			}
		},
		{
			"from": [13.4, 8.07817, 5.29289],
			"to": [13.5, 8.77817, 5.39289],
			"rotation": {"angle": 45, "axis": "x", "origin": [8, 8, 8]},
			"faces": {
				"north": {"uv": [3.719, 14.532, 5.959, 14.996], "texture": "#0"},
				"east": {"uv": [3.719, 14.532, 5.959, 14.996], "texture": "#0"},
				"south": {"uv": [3.719, 14.532, 5.959, 14.996], "texture": "#0"}
			}
		},
		{
			"from": [13.4, 8.07817, 7.29289],
			"to": [13.5, 8.77817, 7.39289],
			"rotation": {"angle": 45, "axis": "x", "origin": [8, 8, 8]},
			"faces": {
				"north": {"uv": [3.719, 14.532, 5.959, 14.996], "texture": "#0"},
				"east": {"uv": [3.719, 14.532, 5.959, 14.996], "texture": "#0"},
				"south": {"uv": [3.719, 14.532, 5.959, 14.996], "texture": "#0"}
			}
		},
		{
			"from": [13.4, 8.07817, 9.29289],
			"to": [13.5, 8.77817, 9.39289],
			"rotation": {"angle": 45, "axis": "x", "origin": [8, 8, 8]},
			"faces": {
				"north": {"uv": [3.719, 14.532, 5.959, 14.996], "texture": "#0"},
				"east": {"uv": [3.719, 14.532, 5.959, 14.996], "texture": "#0"},
				"south": {"uv": [3.719, 14.532, 5.959, 14.996], "texture": "#0"}
			}
		},
		{
			"from": [13.4, 8.07817, 11.29289],
			"to": [13.5, 8.77817, 11.39289],
			"rotation": {"angle": 45, "axis": "x", "origin": [8, 8, 8]},
			"faces": {
				"north": {"uv": [3.719, 14.532, 5.959, 14.996], "texture": "#0"},
				"east": {"uv": [3.719, 14.532, 5.959, 14.996], "texture": "#0"},
				"south": {"uv": [3.719, 14.532, 5.959, 14.996], "texture": "#0"}
			}
		},
		{
			"from": [13.4, 8.07817, 14.98995],
			"to": [13.5, 8.77817, 15.08995],
			"rotation": {"angle": 45, "axis": "x", "origin": [8, 8, 8]},
			"faces": {
				"north": {"uv": [3.719, 14.532, 5.959, 14.996], "texture": "#0"},
				"east": {"uv": [3.719, 14.532, 5.959, 14.996], "texture": "#0"},
				"south": {"uv": [3.719, 14.532, 5.959, 14.996], "texture": "#0"}
			}
		},
		{
			"from": [13.4, 8.07817, 16.82843],
			"to": [13.5, 8.77817, 16.92843],
			"rotation": {"angle": 45, "axis": "x", "origin": [8, 8, 8]},
			"faces": {
				"north": {"uv": [3.719, 14.532, 5.959, 14.996], "texture": "#0"},
				"east": {"uv": [3.719, 14.532, 5.959, 14.996], "texture": "#0"},
				"south": {"uv": [3.719, 14.532, 5.959, 14.996], "texture": "#0"}
			}
		},
		{
			"from": [13.4, 8.07817, -2.97056],
			"to": [13.5, 8.77817, -2.87056],
			"rotation": {"angle": 45, "axis": "x", "origin": [8, 8, 8]},
			"faces": {
				"north": {"uv": [3.719, 14.532, 5.959, 14.996], "texture": "#0"},
				"east": {"uv": [3.719, 14.532, 5.959, 14.996], "texture": "#0"},
				"south": {"uv": [3.719, 14.532, 5.959, 14.996], "texture": "#0"}
			}
		},
		{
			"from": [13.4, 8.07817, 13.29289],
			"to": [13.5, 8.77817, 13.39289],
			"rotation": {"angle": 45, "axis": "x", "origin": [8, 8, 8]},
			"faces": {
				"north": {"uv": [3.719, 14.532, 5.959, 14.996], "texture": "#0"},
				"east": {"uv": [3.719, 14.532, 5.959, 14.996], "texture": "#0"},
				"south": {"uv": [3.719, 14.532, 5.959, 14.996], "texture": "#0"}
			}
		},
		{
			"from": [3.5, 7.97817, 12.49289],
			"to": [3.6, 8.67817, 14.09289],
			"rotation": {"angle": 45, "axis": "x", "origin": [8, 8, 8]},
			"faces": {
				"north": {"uv": [2.694, 10.125, 0, 12.513], "texture": "#0"},
				"east": {"uv": [2.694, 10.125, 0, 12.513], "texture": "#0"},
				"south": {"uv": [2.694, 10.125, 0, 12.513], "texture": "#0"},
				"up": {"uv": [2.694, 10.125, 0, 12.513], "rotation": 180, "texture": "#0"}
			}
		},
		{
			"from": [3.5, 7.97817, 8.49289],
			"to": [3.6, 8.67817, 10.09289],
			"rotation": {"angle": 45, "axis": "x", "origin": [8, 8, 8]},
			"faces": {
				"north": {"uv": [2.694, 10.125, 0, 12.513], "texture": "#0"},
				"east": {"uv": [2.694, 10.125, 0, 12.513], "texture": "#0"},
				"south": {"uv": [2.694, 10.125, 0, 12.513], "texture": "#0"},
				"up": {"uv": [2.694, 10.125, 0, 12.513], "rotation": 180, "texture": "#0"}
			}
		},
		{
			"from": [3.5, 7.97817, 4.49289],
			"to": [3.6, 8.67817, 6.09289],
			"rotation": {"angle": 45, "axis": "x", "origin": [8, 8, 8]},
			"faces": {
				"north": {"uv": [2.694, 10.125, 0, 12.513], "texture": "#0"},
				"east": {"uv": [2.694, 10.125, 0, 12.513], "texture": "#0"},
				"south": {"uv": [2.694, 10.125, 0, 12.513], "texture": "#0"},
				"up": {"uv": [2.694, 10.125, 0, 12.513], "rotation": 180, "texture": "#0"}
			}
		},
		{
			"from": [3.5, 7.97817, -3.74975],
			"to": [3.6, 8.67817, -2.14975],
			"rotation": {"angle": 45, "axis": "x", "origin": [8, 8, 8]},
			"faces": {
				"north": {"uv": [2.694, 10.125, 0, 12.513], "texture": "#0"},
				"east": {"uv": [2.694, 10.125, 0, 12.513], "texture": "#0"},
				"south": {"uv": [2.694, 10.125, 0, 12.513], "texture": "#0"},
				"up": {"uv": [2.694, 10.125, 0, 12.513], "rotation": 180, "texture": "#0"}
			}
		},
		{
			"from": [3.5, 7.97817, 16.04924],
			"to": [3.6, 8.67817, 17.64924],
			"rotation": {"angle": 45, "axis": "x", "origin": [8, 8, 8]},
			"faces": {
				"north": {"uv": [2.694, 10.125, 0, 12.513], "texture": "#0"},
				"east": {"uv": [2.694, 10.125, 0, 12.513], "texture": "#0"},
				"south": {"uv": [2.694, 10.125, 0, 12.513], "texture": "#0"},
				"up": {"uv": [2.694, 10.125, 0, 12.513], "rotation": 180, "texture": "#0"}
			}
		},
		{
			"from": [3.6, 8.07817, 13.19289],
			"to": [4.3, 8.27817, 13.39289],
			"rotation": {"angle": 45, "axis": "x", "origin": [8, 8, 8]},
			"faces": {
				"north": {"uv": [2.386, 10.359, 0, 12.339], "texture": "#0"},
				"east": {"uv": [2.386, 10.359, 0, 12.339], "texture": "#0"},
				"south": {"uv": [2.386, 10.359, 0, 12.339], "texture": "#0"},
				"up": {"uv": [2.386, 10.359, 0, 12.339], "rotation": 180, "texture": "#0"}
			}
		},
		{
			"from": [3.6, 8.07817, 9.19289],
			"to": [4.3, 8.27817, 9.39289],
			"rotation": {"angle": 45, "axis": "x", "origin": [8, 8, 8]},
			"faces": {
				"north": {"uv": [2.386, 10.359, 0, 12.339], "texture": "#0"},
				"east": {"uv": [2.386, 10.359, 0, 12.339], "texture": "#0"},
				"south": {"uv": [2.386, 10.359, 0, 12.339], "texture": "#0"},
				"up": {"uv": [2.386, 10.359, 0, 12.339], "rotation": 180, "texture": "#0"}
			}
		},
		{
			"from": [3.6, 8.07817, 5.19289],
			"to": [4.3, 8.27817, 5.39289],
			"rotation": {"angle": 45, "axis": "x", "origin": [8, 8, 8]},
			"faces": {
				"north": {"uv": [2.386, 10.359, 0, 12.339], "texture": "#0"},
				"east": {"uv": [2.386, 10.359, 0, 12.339], "texture": "#0"},
				"south": {"uv": [2.386, 10.359, 0, 12.339], "texture": "#0"},
				"up": {"uv": [2.386, 10.359, 0, 12.339], "rotation": 180, "texture": "#0"}
			}
		},
		{
			"from": [3.6, 8.07817, -3.04975],
			"to": [4.3, 8.27817, -2.84975],
			"rotation": {"angle": 45, "axis": "x", "origin": [8, 8, 8]},
			"faces": {
				"north": {"uv": [2.386, 10.359, 0, 12.339], "texture": "#0"},
				"east": {"uv": [2.386, 10.359, 0, 12.339], "texture": "#0"},
				"south": {"uv": [2.386, 10.359, 0, 12.339], "texture": "#0"},
				"up": {"uv": [2.386, 10.359, 0, 12.339], "rotation": 180, "texture": "#0"}
			}
		},
		{
			"from": [3.6, 8.07817, 16.74924],
			"to": [4.3, 8.27817, 16.94924],
			"rotation": {"angle": 45, "axis": "x", "origin": [8, 8, 8]},
			"faces": {
				"north": {"uv": [2.386, 10.359, 0, 12.339], "texture": "#0"},
				"east": {"uv": [2.386, 10.359, 0, 12.339], "texture": "#0"},
				"south": {"uv": [2.386, 10.359, 0, 12.339], "texture": "#0"},
				"up": {"uv": [2.386, 10.359, 0, 12.339], "rotation": 180, "texture": "#0"}
			}
		},
		{
			"from": [3.56396, 8.27106, 13.19289],
			"to": [3.76396, 8.67106, 13.39289],
			"rotation": {"angle": 45, "axis": "x", "origin": [8, 8, 8]},
			"faces": {
				"north": {"uv": [0, 11.915, 1.199, 10.359], "rotation": 90, "texture": "#0"},
				"east": {"uv": [0, 11.915, 1.199, 10.359], "rotation": 90, "texture": "#0"},
				"south": {"uv": [0, 11.915, 1.199, 10.359], "rotation": 90, "texture": "#0"},
				"up": {"uv": [0, 11.915, 1.199, 10.359], "rotation": 270, "texture": "#0"}
			}
		},
		{
			"from": [3.56396, 8.27106, 9.19289],
			"to": [3.76396, 8.67106, 9.39289],
			"rotation": {"angle": 45, "axis": "x", "origin": [8, 8, 8]},
			"faces": {
				"north": {"uv": [0, 11.915, 1.199, 10.359], "rotation": 90, "texture": "#0"},
				"east": {"uv": [0, 11.915, 1.199, 10.359], "rotation": 90, "texture": "#0"},
				"south": {"uv": [0, 11.915, 1.199, 10.359], "rotation": 90, "texture": "#0"},
				"up": {"uv": [0, 11.915, 1.199, 10.359], "rotation": 270, "texture": "#0"}
			}
		},
		{
			"from": [3.56396, 8.27106, 5.19289],
			"to": [3.76396, 8.67106, 5.39289],
			"rotation": {"angle": 45, "axis": "x", "origin": [8, 8, 8]},
			"faces": {
				"north": {"uv": [0, 11.915, 1.199, 10.359], "rotation": 90, "texture": "#0"},
				"east": {"uv": [0, 11.915, 1.199, 10.359], "rotation": 90, "texture": "#0"},
				"south": {"uv": [0, 11.915, 1.199, 10.359], "rotation": 90, "texture": "#0"},
				"up": {"uv": [0, 11.915, 1.199, 10.359], "rotation": 270, "texture": "#0"}
			}
		},
		{
			"from": [3.56396, 8.27106, -3.04975],
			"to": [3.76396, 8.67106, -2.84975],
			"rotation": {"angle": 45, "axis": "x", "origin": [8, 8, 8]},
			"faces": {
				"north": {"uv": [0, 11.915, 1.199, 10.359], "rotation": 90, "texture": "#0"},
				"east": {"uv": [0, 11.915, 1.199, 10.359], "rotation": 90, "texture": "#0"},
				"south": {"uv": [0, 11.915, 1.199, 10.359], "rotation": 90, "texture": "#0"},
				"up": {"uv": [0, 11.915, 1.199, 10.359], "rotation": 270, "texture": "#0"}
			}
		},
		{
			"from": [3.56396, 8.27106, 16.74924],
			"to": [3.76396, 8.67106, 16.94924],
			"rotation": {"angle": 45, "axis": "x", "origin": [8, 8, 8]},
			"faces": {
				"north": {"uv": [0, 11.915, 1.199, 10.359], "rotation": 90, "texture": "#0"},
				"east": {"uv": [0, 11.915, 1.199, 10.359], "rotation": 90, "texture": "#0"},
				"south": {"uv": [0, 11.915, 1.199, 10.359], "rotation": 90, "texture": "#0"},
				"up": {"uv": [0, 11.915, 1.199, 10.359], "rotation": 270, "texture": "#0"}
			}
		},
		{
			"from": [2.1, 7.97817, -3.24975],
			"to": [2.6, 8.17817, -2.64975],
			"rotation": {"angle": 45, "axis": "x", "origin": [8, 8, 8]},
			"faces": {
				"north": {"uv": [3.733, 10.313, 1.313, 12.233], "texture": "#0"},
				"south": {"uv": [3.733, 10.313, 1.313, 12.233], "texture": "#0"},
				"west": {"uv": [3.733, 10.313, 1.313, 12.233], "texture": "#0"},
				"up": {"uv": [3.733, 10.313, 1.313, 12.233], "texture": "#0"}
			}
		},
		{
			"from": [2.1, 7.97817, 16.54924],
			"to": [2.6, 8.17817, 17.14924],
			"rotation": {"angle": 45, "axis": "x", "origin": [8, 8, 8]},
			"faces": {
				"north": {"uv": [3.733, 10.313, 1.313, 12.233], "texture": "#0"},
				"south": {"uv": [3.733, 10.313, 1.313, 12.233], "texture": "#0"},
				"west": {"uv": [3.733, 10.313, 1.313, 12.233], "texture": "#0"},
				"up": {"uv": [3.733, 10.313, 1.313, 12.233], "texture": "#0"}
			}
		},
		{
			"from": [2.1, 7.97817, 4.99289],
			"to": [2.6, 8.17817, 5.59289],
			"rotation": {"angle": 45, "axis": "x", "origin": [8, 8, 8]},
			"faces": {
				"north": {"uv": [3.733, 10.313, 1.313, 12.233], "texture": "#0"},
				"south": {"uv": [3.733, 10.313, 1.313, 12.233], "texture": "#0"},
				"west": {"uv": [3.733, 10.313, 1.313, 12.233], "texture": "#0"},
				"up": {"uv": [3.733, 10.313, 1.313, 12.233], "texture": "#0"}
			}
		},
		{
			"from": [2.1, 7.97817, 8.99289],
			"to": [2.6, 8.17817, 9.59289],
			"rotation": {"angle": 45, "axis": "x", "origin": [8, 8, 8]},
			"faces": {
				"north": {"uv": [3.733, 10.313, 1.313, 12.233], "texture": "#0"},
				"south": {"uv": [3.733, 10.313, 1.313, 12.233], "texture": "#0"},
				"west": {"uv": [3.733, 10.313, 1.313, 12.233], "texture": "#0"},
				"up": {"uv": [3.733, 10.313, 1.313, 12.233], "texture": "#0"}
			}
		},
		{
			"from": [2.1, 7.97817, 12.99289],
			"to": [2.6, 8.17817, 13.59289],
			"rotation": {"angle": 45, "axis": "x", "origin": [8, 8, 8]},
			"faces": {
				"north": {"uv": [3.733, 10.313, 1.313, 12.233], "texture": "#0"},
				"south": {"uv": [3.733, 10.313, 1.313, 12.233], "texture": "#0"},
				"west": {"uv": [3.733, 10.313, 1.313, 12.233], "texture": "#0"},
				"up": {"uv": [3.733, 10.313, 1.313, 12.233], "texture": "#0"}
			}
		},
		{
			"from": [3.6, 7.97817, 12.49289],
			"to": [4.3, 8.07817, 14.09289],
			"rotation": {"angle": 45, "axis": "x", "origin": [8, 8, 8]},
			"faces": {
				"north": {"uv": [0, 12.412, 3.262, 10.266], "rotation": 90, "texture": "#0"},
				"east": {"uv": [0, 12.412, 3.262, 10.266], "rotation": 90, "texture": "#0"},
				"south": {"uv": [0, 12.412, 3.262, 10.266], "rotation": 90, "texture": "#0"},
				"up": {"uv": [0, 12.412, 3.262, 10.266], "rotation": 270, "texture": "#0"}
			}
		},
		{
			"from": [3.6, 7.97817, 8.49289],
			"to": [4.3, 8.07817, 10.09289],
			"rotation": {"angle": 45, "axis": "x", "origin": [8, 8, 8]},
			"faces": {
				"north": {"uv": [0, 12.412, 3.262, 10.266], "rotation": 90, "texture": "#0"},
				"east": {"uv": [0, 12.412, 3.262, 10.266], "rotation": 90, "texture": "#0"},
				"south": {"uv": [0, 12.412, 3.262, 10.266], "rotation": 90, "texture": "#0"},
				"up": {"uv": [0, 12.412, 3.262, 10.266], "rotation": 270, "texture": "#0"}
			}
		},
		{
			"from": [3.6, 7.97817, 4.49289],
			"to": [4.3, 8.07817, 6.09289],
			"rotation": {"angle": 45, "axis": "x", "origin": [8, 8, 8]},
			"faces": {
				"north": {"uv": [0, 12.412, 3.262, 10.266], "rotation": 90, "texture": "#0"},
				"east": {"uv": [0, 12.412, 3.262, 10.266], "rotation": 90, "texture": "#0"},
				"south": {"uv": [0, 12.412, 3.262, 10.266], "rotation": 90, "texture": "#0"},
				"up": {"uv": [0, 12.412, 3.262, 10.266], "rotation": 270, "texture": "#0"}
			}
		},
		{
			"from": [3.6, 7.97817, -3.74975],
			"to": [4.3, 8.07817, -2.14975],
			"rotation": {"angle": 45, "axis": "x", "origin": [8, 8, 8]},
			"faces": {
				"north": {"uv": [0, 12.412, 3.262, 10.266], "rotation": 90, "texture": "#0"},
				"east": {"uv": [0, 12.412, 3.262, 10.266], "rotation": 90, "texture": "#0"},
				"south": {"uv": [0, 12.412, 3.262, 10.266], "rotation": 90, "texture": "#0"},
				"up": {"uv": [0, 12.412, 3.262, 10.266], "rotation": 270, "texture": "#0"}
			}
		},
		{
			"from": [3.6, 7.97817, 16.04924],
			"to": [4.3, 8.07817, 17.64924],
			"rotation": {"angle": 45, "axis": "x", "origin": [8, 8, 8]},
			"faces": {
				"north": {"uv": [0, 12.412, 3.262, 10.266], "rotation": 90, "texture": "#0"},
				"east": {"uv": [0, 12.412, 3.262, 10.266], "rotation": 90, "texture": "#0"},
				"south": {"uv": [0, 12.412, 3.262, 10.266], "rotation": 90, "texture": "#0"},
				"up": {"uv": [0, 12.412, 3.262, 10.266], "rotation": 270, "texture": "#0"}
			}
		},
		{
			"from": [3.9, 8.07817, 12.59289],
			"to": [4.1, 8.12817, 12.79289],
			"rotation": {"angle": 45, "axis": "x", "origin": [8, 8, 8]},
			"faces": {
				"north": {"uv": [2.163, 10.625, 1.032, 11.591], "texture": "#0"},
				"east": {"uv": [2.163, 10.625, 1.032, 11.591], "texture": "#0"},
				"south": {"uv": [2.163, 10.625, 1.032, 11.591], "texture": "#0"},
				"west": {"uv": [2.163, 10.625, 1.032, 11.591], "texture": "#0"},
				"up": {"uv": [9.678, 6.282, 6.312, 9.717], "rotation": 180, "texture": "#0"}
			}
		},
		{
			"from": [3.9, 8.07817, 8.59289],
			"to": [4.1, 8.12817, 8.79289],
			"rotation": {"angle": 45, "axis": "x", "origin": [8, 8, 8]},
			"faces": {
				"north": {"uv": [2.163, 10.625, 1.032, 11.591], "texture": "#0"},
				"east": {"uv": [2.163, 10.625, 1.032, 11.591], "texture": "#0"},
				"south": {"uv": [2.163, 10.625, 1.032, 11.591], "texture": "#0"},
				"west": {"uv": [2.163, 10.625, 1.032, 11.591], "texture": "#0"},
				"up": {"uv": [9.678, 6.282, 6.312, 9.717], "rotation": 180, "texture": "#0"}
			}
		},
		{
			"from": [3.9, 8.07817, 4.59289],
			"to": [4.1, 8.12817, 4.79289],
			"rotation": {"angle": 45, "axis": "x", "origin": [8, 8, 8]},
			"faces": {
				"north": {"uv": [2.163, 10.625, 1.032, 11.591], "texture": "#0"},
				"east": {"uv": [2.163, 10.625, 1.032, 11.591], "texture": "#0"},
				"south": {"uv": [2.163, 10.625, 1.032, 11.591], "texture": "#0"},
				"west": {"uv": [2.163, 10.625, 1.032, 11.591], "texture": "#0"},
				"up": {"uv": [9.678, 6.282, 6.312, 9.717], "rotation": 180, "texture": "#0"}
			}
		},
		{
			"from": [3.9, 8.07817, -3.64975],
			"to": [4.1, 8.12817, -3.44975],
			"rotation": {"angle": 45, "axis": "x", "origin": [8, 8, 8]},
			"faces": {
				"north": {"uv": [2.163, 10.625, 1.032, 11.591], "texture": "#0"},
				"east": {"uv": [2.163, 10.625, 1.032, 11.591], "texture": "#0"},
				"south": {"uv": [2.163, 10.625, 1.032, 11.591], "texture": "#0"},
				"west": {"uv": [2.163, 10.625, 1.032, 11.591], "texture": "#0"},
				"up": {"uv": [9.678, 6.282, 6.312, 9.717], "rotation": 180, "texture": "#0"}
			}
		},
		{
			"from": [3.9, 8.07817, 16.14924],
			"to": [4.1, 8.12817, 16.34924],
			"rotation": {"angle": 45, "axis": "x", "origin": [8, 8, 8]},
			"faces": {
				"north": {"uv": [2.163, 10.625, 1.032, 11.591], "texture": "#0"},
				"east": {"uv": [2.163, 10.625, 1.032, 11.591], "texture": "#0"},
				"south": {"uv": [2.163, 10.625, 1.032, 11.591], "texture": "#0"},
				"west": {"uv": [2.163, 10.625, 1.032, 11.591], "texture": "#0"},
				"up": {"uv": [9.678, 6.282, 6.312, 9.717], "rotation": 180, "texture": "#0"}
			}
		},
		{
			"from": [3.9, 8.07817, 13.79289],
			"to": [4.1, 8.12817, 13.99289],
			"rotation": {"angle": 45, "axis": "x", "origin": [8, 8, 8]},
			"faces": {
				"north": {"uv": [2.163, 10.625, 1.032, 11.591], "texture": "#0"},
				"east": {"uv": [2.163, 10.625, 1.032, 11.591], "texture": "#0"},
				"south": {"uv": [2.163, 10.625, 1.032, 11.591], "texture": "#0"},
				"west": {"uv": [2.163, 10.625, 1.032, 11.591], "texture": "#0"},
				"up": {"uv": [9.678, 6.282, 6.312, 9.717], "rotation": 180, "texture": "#0"}
			}
		},
		{
			"from": [3.9, 8.07817, 9.79289],
			"to": [4.1, 8.12817, 9.99289],
			"rotation": {"angle": 45, "axis": "x", "origin": [8, 8, 8]},
			"faces": {
				"north": {"uv": [2.163, 10.625, 1.032, 11.591], "texture": "#0"},
				"east": {"uv": [2.163, 10.625, 1.032, 11.591], "texture": "#0"},
				"south": {"uv": [2.163, 10.625, 1.032, 11.591], "texture": "#0"},
				"west": {"uv": [2.163, 10.625, 1.032, 11.591], "texture": "#0"},
				"up": {"uv": [9.678, 6.282, 6.312, 9.717], "rotation": 180, "texture": "#0"}
			}
		},
		{
			"from": [3.9, 8.07817, 5.79289],
			"to": [4.1, 8.12817, 5.99289],
			"rotation": {"angle": 45, "axis": "x", "origin": [8, 8, 8]},
			"faces": {
				"north": {"uv": [2.163, 10.625, 1.032, 11.591], "texture": "#0"},
				"east": {"uv": [2.163, 10.625, 1.032, 11.591], "texture": "#0"},
				"south": {"uv": [2.163, 10.625, 1.032, 11.591], "texture": "#0"},
				"west": {"uv": [2.163, 10.625, 1.032, 11.591], "texture": "#0"},
				"up": {"uv": [9.678, 6.282, 6.312, 9.717], "rotation": 180, "texture": "#0"}
			}
		},
		{
			"from": [3.9, 8.07817, -2.44975],
			"to": [4.1, 8.12817, -2.24975],
			"rotation": {"angle": 45, "axis": "x", "origin": [8, 8, 8]},
			"faces": {
				"north": {"uv": [2.163, 10.625, 1.032, 11.591], "texture": "#0"},
				"east": {"uv": [2.163, 10.625, 1.032, 11.591], "texture": "#0"},
				"south": {"uv": [2.163, 10.625, 1.032, 11.591], "texture": "#0"},
				"west": {"uv": [2.163, 10.625, 1.032, 11.591], "texture": "#0"},
				"up": {"uv": [9.678, 6.282, 6.312, 9.717], "rotation": 180, "texture": "#0"}
			}
		},
		{
			"from": [3.9, 8.07817, 17.34924],
			"to": [4.1, 8.12817, 17.54924],
			"rotation": {"angle": 45, "axis": "x", "origin": [8, 8, 8]},
			"faces": {
				"north": {"uv": [2.163, 10.625, 1.032, 11.591], "texture": "#0"},
				"east": {"uv": [2.163, 10.625, 1.032, 11.591], "texture": "#0"},
				"south": {"uv": [2.163, 10.625, 1.032, 11.591], "texture": "#0"},
				"west": {"uv": [2.163, 10.625, 1.032, 11.591], "texture": "#0"},
				"up": {"uv": [9.678, 6.282, 6.312, 9.717], "rotation": 180, "texture": "#0"}
			}
		},
		{
			"from": [2.5, 8.07817, -0.70711],
			"to": [2.6, 8.77817, -0.60711],
			"rotation": {"angle": 45, "axis": "x", "origin": [8, 8, 8]},
			"faces": {
				"north": {"uv": [5.959, 14.532, 3.719, 14.996], "texture": "#0"},
				"south": {"uv": [5.959, 14.532, 3.719, 14.996], "texture": "#0"},
				"west": {"uv": [5.959, 14.532, 3.719, 14.996], "texture": "#0"}
			}
		},
		{
			"from": [2.5, 8.07817, 3.29289],
			"to": [2.6, 8.77817, 3.39289],
			"rotation": {"angle": 45, "axis": "x", "origin": [8, 8, 8]},
			"faces": {
				"north": {"uv": [5.959, 14.532, 3.719, 14.996], "texture": "#0"},
				"south": {"uv": [5.959, 14.532, 3.719, 14.996], "texture": "#0"},
				"west": {"uv": [5.959, 14.532, 3.719, 14.996], "texture": "#0"}
			}
		},
		{
			"from": [2.5, 8.07817, 5.29289],
			"to": [2.6, 8.77817, 5.39289],
			"rotation": {"angle": 45, "axis": "x", "origin": [8, 8, 8]},
			"faces": {
				"north": {"uv": [5.959, 14.532, 3.719, 14.996], "texture": "#0"},
				"south": {"uv": [5.959, 14.532, 3.719, 14.996], "texture": "#0"},
				"west": {"uv": [5.959, 14.532, 3.719, 14.996], "texture": "#0"}
			}
		},
		{
			"from": [2.5, 8.07817, 7.29289],
			"to": [2.6, 8.77817, 7.39289],
			"rotation": {"angle": 45, "axis": "x", "origin": [8, 8, 8]},
			"faces": {
				"north": {"uv": [5.959, 14.532, 3.719, 14.996], "texture": "#0"},
				"south": {"uv": [5.959, 14.532, 3.719, 14.996], "texture": "#0"},
				"west": {"uv": [5.959, 14.532, 3.719, 14.996], "texture": "#0"}
			}
		},
		{
			"from": [2.5, 8.07817, 9.29289],
			"to": [2.6, 8.77817, 9.39289],
			"rotation": {"angle": 45, "axis": "x", "origin": [8, 8, 8]},
			"faces": {
				"north": {"uv": [5.959, 14.532, 3.719, 14.996], "texture": "#0"},
				"south": {"uv": [5.959, 14.532, 3.719, 14.996], "texture": "#0"},
				"west": {"uv": [5.959, 14.532, 3.719, 14.996], "texture": "#0"}
			}
		},
		{
			"from": [2.5, 8.07817, 11.29289],
			"to": [2.6, 8.77817, 11.39289],
			"rotation": {"angle": 45, "axis": "x", "origin": [8, 8, 8]},
			"faces": {
				"north": {"uv": [5.959, 14.532, 3.719, 14.996], "texture": "#0"},
				"south": {"uv": [5.959, 14.532, 3.719, 14.996], "texture": "#0"},
				"west": {"uv": [5.959, 14.532, 3.719, 14.996], "texture": "#0"}
			}
		},
		{
			"from": [2.5, 8.07817, 14.98995],
			"to": [2.6, 8.77817, 15.08995],
			"rotation": {"angle": 45, "axis": "x", "origin": [8, 8, 8]},
			"faces": {
				"north": {"uv": [5.959, 14.532, 3.719, 14.996], "texture": "#0"},
				"south": {"uv": [5.959, 14.532, 3.719, 14.996], "texture": "#0"},
				"west": {"uv": [5.959, 14.532, 3.719, 14.996], "texture": "#0"}
			}
		},
		{
			"from": [2.5, 8.07817, 16.82843],
			"to": [2.6, 8.77817, 16.92843],
			"rotation": {"angle": 45, "axis": "x", "origin": [8, 8, 8]},
			"faces": {
				"north": {"uv": [5.959, 14.532, 3.719, 14.996], "texture": "#0"},
				"south": {"uv": [5.959, 14.532, 3.719, 14.996], "texture": "#0"},
				"west": {"uv": [5.959, 14.532, 3.719, 14.996], "texture": "#0"}
			}
		},
		{
			"from": [2.5, 8.07817, -2.97056],
			"to": [2.6, 8.77817, -2.87056],
			"rotation": {"angle": 45, "axis": "x", "origin": [8, 8, 8]},
			"faces": {
				"north": {"uv": [5.959, 14.532, 3.719, 14.996], "texture": "#0"},
				"south": {"uv": [5.959, 14.532, 3.719, 14.996], "texture": "#0"},
				"west": {"uv": [5.959, 14.532, 3.719, 14.996], "texture": "#0"}
			}
		},
		{
			"from": [2.5, 8.07817, 13.29289],
			"to": [2.6, 8.77817, 13.39289],
			"rotation": {"angle": 45, "axis": "x", "origin": [8, 8, 8]},
			"faces": {
				"north": {"uv": [5.959, 14.532, 3.719, 14.996], "texture": "#0"},
				"south": {"uv": [5.959, 14.532, 3.719, 14.996], "texture": "#0"},
				"west": {"uv": [5.959, 14.532, 3.719, 14.996], "texture": "#0"}
			}
		},
		{
			"from": [3.9, 8.07817, 1.79289],
			"to": [4.1, 8.12817, 1.99289],
			"rotation": {"angle": 45, "axis": "x", "origin": [8, 8, 8]},
			"faces": {
				"north": {"uv": [2.163, 10.625, 1.032, 11.591], "texture": "#0"},
				"east": {"uv": [2.163, 10.625, 1.032, 11.591], "texture": "#0"},
				"south": {"uv": [2.163, 10.625, 1.032, 11.591], "texture": "#0"},
				"west": {"uv": [2.163, 10.625, 1.032, 11.591], "texture": "#0"},
				"up": {"uv": [9.678, 6.282, 6.312, 9.717], "rotation": 180, "texture": "#0"}
			}
		},
		{
			"from": [3.9, 8.07817, 0.59289],
			"to": [4.1, 8.12817, 0.79289],
			"rotation": {"angle": 45, "axis": "x", "origin": [8, 8, 8]},
			"faces": {
				"north": {"uv": [2.163, 10.625, 1.032, 11.591], "texture": "#0"},
				"east": {"uv": [2.163, 10.625, 1.032, 11.591], "texture": "#0"},
				"south": {"uv": [2.163, 10.625, 1.032, 11.591], "texture": "#0"},
				"west": {"uv": [2.163, 10.625, 1.032, 11.591], "texture": "#0"},
				"up": {"uv": [9.678, 6.282, 6.312, 9.717], "rotation": 180, "texture": "#0"}
			}
		},
		{
			"from": [3.6, 7.97817, 0.49289],
			"to": [4.3, 8.07817, 2.09289],
			"rotation": {"angle": 45, "axis": "x", "origin": [8, 8, 8]},
			"faces": {
				"north": {"uv": [0, 12.412, 3.262, 10.266], "rotation": 90, "texture": "#0"},
				"east": {"uv": [0, 12.412, 3.262, 10.266], "rotation": 90, "texture": "#0"},
				"south": {"uv": [0, 12.412, 3.262, 10.266], "rotation": 90, "texture": "#0"},
				"up": {"uv": [0, 12.412, 3.262, 10.266], "rotation": 270, "texture": "#0"}
			}
		},
		{
			"from": [3.6, 8.07817, 1.19289],
			"to": [4.3, 8.27817, 1.39289],
			"rotation": {"angle": 45, "axis": "x", "origin": [8, 8, 8]},
			"faces": {
				"north": {"uv": [2.386, 10.359, 0, 12.339], "texture": "#0"},
				"east": {"uv": [2.386, 10.359, 0, 12.339], "texture": "#0"},
				"south": {"uv": [2.386, 10.359, 0, 12.339], "texture": "#0"},
				"up": {"uv": [2.386, 10.359, 0, 12.339], "rotation": 180, "texture": "#0"}
			}
		},
		{
			"from": [3.56396, 8.27106, 1.19289],
			"to": [3.76396, 8.67106, 1.39289],
			"rotation": {"angle": 45, "axis": "x", "origin": [8, 8, 8]},
			"faces": {
				"north": {"uv": [0, 11.915, 1.199, 10.359], "rotation": 90, "texture": "#0"},
				"east": {"uv": [0, 11.915, 1.199, 10.359], "rotation": 90, "texture": "#0"},
				"south": {"uv": [0, 11.915, 1.199, 10.359], "rotation": 90, "texture": "#0"},
				"up": {"uv": [0, 11.915, 1.199, 10.359], "rotation": 270, "texture": "#0"}
			}
		},
		{
			"from": [3.5, 7.97817, 0.49289],
			"to": [3.6, 8.67817, 2.09289],
			"rotation": {"angle": 45, "axis": "x", "origin": [8, 8, 8]},
			"faces": {
				"north": {"uv": [2.694, 10.125, 0, 12.513], "texture": "#0"},
				"east": {"uv": [2.694, 10.125, 0, 12.513], "texture": "#0"},
				"south": {"uv": [2.694, 10.125, 0, 12.513], "texture": "#0"},
				"up": {"uv": [2.694, 10.125, 0, 12.513], "rotation": 180, "texture": "#0"}
			}
		},
		{
			"from": [2.5, 8.07817, 1.29289],
			"to": [2.6, 8.77817, 1.39289],
			"rotation": {"angle": 45, "axis": "x", "origin": [8, 8, 8]},
			"faces": {
				"north": {"uv": [5.959, 14.532, 3.719, 14.996], "texture": "#0"},
				"south": {"uv": [5.959, 14.532, 3.719, 14.996], "texture": "#0"},
				"west": {"uv": [5.959, 14.532, 3.719, 14.996], "texture": "#0"}
			}
		},
		{
			"from": [2.1, 7.97817, 0.99289],
			"to": [2.6, 8.17817, 1.59289],
			"rotation": {"angle": 45, "axis": "x", "origin": [8, 8, 8]},
			"faces": {
				"north": {"uv": [3.733, 10.313, 1.313, 12.233], "texture": "#0"},
				"south": {"uv": [3.733, 10.313, 1.313, 12.233], "texture": "#0"},
				"west": {"uv": [3.733, 10.313, 1.313, 12.233], "texture": "#0"},
				"up": {"uv": [3.733, 10.313, 1.313, 12.233], "texture": "#0"}
			}
		},
		{
			"from": [12.4, 7.97817, -3.90711],
			"to": [13.5, 8.07817, 19.09289],
			"rotation": {"angle": 45, "axis": "x", "origin": [8, 8, 8]},
			"faces": {
				"north": {"uv": [0, 10.454, 2.491, 10.953], "texture": "#0"},
				"east": {"uv": [0, 10.188, 15.991, 10.655], "texture": "#0"},
				"south": {"uv": [0, 10.188, 3.257, 10.654], "texture": "#0"},
				"west": {"uv": [0, 10.188, 15.991, 10.655], "texture": "#0"},
				"up": {"uv": [0, 10.188, 15.991, 12.547], "rotation": 90, "texture": "#0"},
				"down": {"uv": [0, 10.188, 15.991, 12.547], "rotation": 90, "texture": "#0"}
			}
		},
		{
			"from": [2.5, 7.97817, -3.90711],
			"to": [3.6, 8.07817, 19.09289],
			"rotation": {"angle": 45, "axis": "x", "origin": [8, 8, 8]},
			"faces": {
				"north": {"uv": [0, 10.454, 2.491, 10.953], "texture": "#0"},
				"east": {"uv": [0, 10.188, 15.991, 10.655], "texture": "#0"},
				"south": {"uv": [0, 10.188, 3.257, 10.655], "texture": "#0"},
				"west": {"uv": [0, 10.188, 15.991, 10.655], "texture": "#0"},
				"up": {"uv": [0, 10.188, 15.991, 12.547], "rotation": 90, "texture": "#0"},
				"down": {"uv": [0, 10.188, 15.991, 12.547], "rotation": 90, "texture": "#0"}
			}
		},
		{
			"from": [12.5, 8.07817, -3.90711],
			"to": [13.4, 8.77817, 19.09289],
			"rotation": {"angle": 45, "axis": "x", "origin": [8, 8, 8]},
			"faces": {
				"north": {"uv": [0, 10.172, 2.541, 12.372], "rotation": 180, "texture": "#0"},
				"east": {"uv": [0, 10.219, 16, 12.466], "rotation": 180, "texture": "#0"},
				"south": {"uv": [0, 10.266, 2.493, 12.559], "texture": "#0"},
				"west": {"uv": [0, 10.172, 16, 12.466], "rotation": 180, "texture": "#0"},
				"up": {"uv": [0, 0, 0, 0], "rotation": 90, "texture": "#0"},
				"down": {"uv": [0, 0, 0, 0], "rotation": 90, "texture": "#0"}
			}
		},
		{
			"from": [2.6, 8.07817, -3.90711],
			"to": [3.5, 8.77817, 19.09289],
			"rotation": {"angle": 45, "axis": "x", "origin": [8, 8, 8]},
			"faces": {
				"north": {"uv": [0, 10.172, 2.541, 12.372], "rotation": 180, "texture": "#0"},
				"east": {"uv": [0, 10.219, 16, 12.466], "rotation": 180, "texture": "#0"},
				"south": {"uv": [0, 10.266, 2.493, 12.559], "texture": "#0"},
				"west": {"uv": [0, 10.172, 16, 12.466], "rotation": 180, "texture": "#0"},
				"up": {"uv": [0, 0, 0, 0], "rotation": 90, "texture": "#0"},
				"down": {"uv": [0, 0, 0, 0], "rotation": 90, "texture": "#0"}
			}
		},
		{
			"from": [2.5, 8.77817, -3.90711],
			"to": [3.6, 8.87817, 19.09289],
			"rotation": {"angle": 45, "axis": "x", "origin": [8, 8, 8]},
			"faces": {
				"north": {"uv": [0, 10.219, 2.271, 10.678], "texture": "#0"},
				"east": {"uv": [0, 10.359, 16, 10.818], "rotation": 180, "texture": "#0"},
				"south": {"uv": [0, 10.5, 1.866, 10.959], "texture": "#0"},
				"west": {"uv": [0, 11.578, 16, 12.037], "rotation": 90, "texture": "#0"},
				"up": {"uv": [0, 13.704, 15.991, 15.749], "rotation": 90, "texture": "#0"},
				"down": {"uv": [0, 10.234, 15.991, 12.422], "rotation": 90, "texture": "#0"}
			}
		},
		{
			"from": [12.4, 8.77817, -3.90711],
			"to": [13.5, 8.87817, 19.09289],
			"rotation": {"angle": 45, "axis": "x", "origin": [8, 8, 8]},
			"faces": {
				"north": {"uv": [0, 10.219, 2.271, 10.678], "texture": "#0"},
				"east": {"uv": [0, 10.359, 16, 10.818], "rotation": 180, "texture": "#0"},
				"south": {"uv": [0, 10.5, 1.866, 10.959], "texture": "#0"},
				"west": {"uv": [0, 11.578, 16, 12.037], "rotation": 90, "texture": "#0"},
				"up": {"uv": [0, 13.704, 15.991, 15.749], "rotation": 90, "texture": "#0"},
				"down": {"uv": [0, 10.234, 15.991, 12.422], "rotation": 90, "texture": "#0"}
			}
		}
	],
	"display": {
		"thirdperson_righthand": {
			"rotation": [-20, 40, 0],
			"translation": [0, 3.25, 0],
			"scale": [0.4, 0.4, 0.4]
		},
		"thirdperson_lefthand": {
			"rotation": [-20, 40, 0],
			"translation": [0, 3.25, 0],
			"scale": [0.4, 0.4, 0.4]
		},
		"firstperson_righthand": {
			"rotation": [55, 0, 90],
			"translation": [-5, -1, 0]
		},
		"firstperson_lefthand": {
			"rotation": [55, 0, 90],
			"translation": [-5, -1, 0]
		},
		"ground": {
			"translation": [0, 0.5, 0],
			"scale": [0.4, 0.4, 0.4]
		},
		"gui": {
			"rotation": [90, 0, 0],
			"translation": [0, 0.5, 0]
		},
		"head": {
			"rotation": [-90, 90, 0],
			"translation": [0, 0, -14]
		},
		"fixed": {
			"rotation": [-90, 0, 0],
			"translation": [0, 0, -7.75]
		}
	}
}