{
	"credit": "Made with Blockbench",
	"textures": {
		"0": "block/cmodels/rail",
		"1": "block/cmodels/wire_off",
		"5": "block/cmodels/box_center",
		"particle": "block/cmodels/rail"
	},
	"elements": [
		{
			"from": [1, 0, 1],
			"to": [15, 0.2, 3],
			"faces": {
				"north": {"uv": [0, 0.578, 14, 1.043], "texture": "#0"},
				"east": {"uv": [0, 0.359, 2, 0.825], "texture": "#0"},
				"south": {"uv": [0, 1.032, 14, 1.591], "texture": "#0"},
				"west": {"uv": [0, 0.719, 2.766, 1.184], "texture": "#0"},
				"up": {"uv": [0, 0.359, 16, 4.406], "texture": "#0"}
			}
		},
		{
			"from": [1, 0, 5],
			"to": [15, 0.2, 7],
			"faces": {
				"north": {"uv": [0, 0.578, 14, 1.043], "texture": "#0"},
				"east": {"uv": [0, 0.359, 2, 0.825], "texture": "#0"},
				"south": {"uv": [0, 1.032, 14, 1.591], "texture": "#0"},
				"west": {"uv": [0, 0.719, 2.766, 1.184], "texture": "#0"},
				"up": {"uv": [0, 0.359, 16, 4.406], "texture": "#0"}
			}
		},
		{
			"from": [1, 0, 9],
			"to": [15, 0.2, 11],
			"faces": {
				"north": {"uv": [0, 0.578, 14, 1.043], "texture": "#0"},
				"east": {"uv": [0, 0.359, 2, 0.825], "texture": "#0"},
				"south": {"uv": [0, 1.032, 14, 1.591], "texture": "#0"},
				"west": {"uv": [0, 0.719, 2.766, 1.184], "texture": "#0"},
				"up": {"uv": [0, 0.359, 16, 4.406], "texture": "#0"}
			}
		},
		{
			"from": [1, 0, 13],
			"to": [15, 0.2, 15],
			"faces": {
				"north": {"uv": [0, 0.578, 14, 1.043], "texture": "#0"},
				"east": {"uv": [0, 0.359, 2, 0.825], "texture": "#0"},
				"south": {"uv": [0, 1.032, 14, 1.591], "texture": "#0"},
				"west": {"uv": [0, 0.719, 2.766, 1.184], "texture": "#0"},
				"up": {"uv": [0, 0.359, 16, 4.406], "texture": "#0"}
			}
		},
		{
			"from": [3.5, 0.2, 13.2],
			"to": [3.6, 0.9, 14.8],
			"faces": {
				"north": {"uv": [0, 10.125, 2.694, 12.513], "texture": "#0"},
				"east": {"uv": [0, 10.125, 2.694, 12.513], "texture": "#0"},
				"south": {"uv": [0, 10.125, 2.694, 12.513], "texture": "#0"},
				"up": {"uv": [0, 10.125, 2.694, 12.513], "texture": "#0"}
			}
		},
		{
			"from": [3.6, 0.3, 13.9],
			"to": [4.3, 0.5, 14.1],
			"faces": {
				"north": {"uv": [0, 10.359, 2.386, 12.339], "texture": "#0"},
				"east": {"uv": [0, 10.359, 2.386, 12.339], "texture": "#0"},
				"south": {"uv": [0, 10.359, 2.386, 12.339], "texture": "#0"},
				"up": {"uv": [0, 10.359, 2.386, 12.339], "texture": "#0"}
			}
		},
		{
			"from": [3.56396, 0.49289, 13.9],
			"to": [3.76396, 0.89289, 14.1],
			"faces": {
				"north": {"uv": [0, 10.359, 1.199, 11.915], "rotation": 90, "texture": "#0"},
				"east": {"uv": [0, 10.359, 1.199, 11.915], "rotation": 90, "texture": "#0"},
				"south": {"uv": [0, 10.359, 1.199, 11.915], "rotation": 90, "texture": "#0"},
				"up": {"uv": [0, 10.359, 1.199, 11.915], "rotation": 90, "texture": "#0"}
			}
		},
		{
			"from": [2.1, 0.2, 13.7],
			"to": [2.6, 0.4, 14.3],
			"faces": {
				"north": {"uv": [1.313, 10.313, 3.733, 12.233], "texture": "#0"},
				"south": {"uv": [1.313, 10.313, 3.733, 12.233], "texture": "#0"},
				"west": {"uv": [1.313, 10.313, 3.733, 12.233], "texture": "#0"},
				"up": {"uv": [1.313, 10.313, 3.733, 12.233], "texture": "#0"}
			}
		},
		{
			"from": [2.1, 0.2, 9.7],
			"to": [2.6, 0.4, 10.3],
			"faces": {
				"north": {"uv": [1.313, 10.313, 3.733, 12.233], "texture": "#0"},
				"south": {"uv": [1.313, 10.313, 3.733, 12.233], "texture": "#0"},
				"west": {"uv": [1.313, 10.313, 3.733, 12.233], "texture": "#0"},
				"up": {"uv": [1.313, 10.313, 3.733, 12.233], "texture": "#0"}
			}
		},
		{
			"from": [2.1, 0.2, 5.7],
			"to": [2.6, 0.4, 6.3],
			"faces": {
				"north": {"uv": [1.313, 10.313, 3.733, 12.233], "texture": "#0"},
				"south": {"uv": [1.313, 10.313, 3.733, 12.233], "texture": "#0"},
				"west": {"uv": [1.313, 10.313, 3.733, 12.233], "texture": "#0"},
				"up": {"uv": [1.313, 10.313, 3.733, 12.233], "texture": "#0"}
			}
		},
		{
			"from": [2.1, 0.2, 1.7],
			"to": [2.6, 0.4, 2.3],
			"faces": {
				"north": {"uv": [1.313, 10.313, 3.733, 12.233], "texture": "#0"},
				"south": {"uv": [1.313, 10.313, 3.733, 12.233], "texture": "#0"},
				"west": {"uv": [1.313, 10.313, 3.733, 12.233], "texture": "#0"},
				"up": {"uv": [1.313, 10.313, 3.733, 12.233], "texture": "#0"}
			}
		},
		{
			"from": [3.6, 0.2, 13.2],
			"to": [4.3, 0.3, 14.8],
			"faces": {
				"north": {"uv": [0, 10.266, 3.262, 12.412], "rotation": 90, "texture": "#0"},
				"east": {"uv": [0, 10.266, 3.262, 12.412], "rotation": 90, "texture": "#0"},
				"south": {"uv": [0, 10.266, 3.262, 12.412], "rotation": 90, "texture": "#0"},
				"up": {"uv": [0, 10.266, 3.262, 12.412], "rotation": 90, "texture": "#0"}
			}
		},
		{
			"from": [3.9, 0.3, 14.5],
			"to": [4.1, 0.35, 14.7],
			"faces": {
				"north": {"uv": [1.032, 10.625, 2.163, 11.591], "texture": "#0"},
				"east": {"uv": [1.032, 10.625, 2.163, 11.591], "texture": "#0"},
				"south": {"uv": [1.032, 10.625, 2.163, 11.591], "texture": "#0"},
				"west": {"uv": [1.032, 10.625, 2.163, 11.591], "texture": "#0"},
				"up": {"uv": [6.312, 6.282, 9.678, 9.717], "texture": "#0"}
			}
		},
		{
			"from": [3.9, 0.3, 13.3],
			"to": [4.1, 0.35, 13.5],
			"faces": {
				"north": {"uv": [1.032, 10.625, 2.163, 11.591], "texture": "#0"},
				"east": {"uv": [1.032, 10.625, 2.163, 11.591], "texture": "#0"},
				"south": {"uv": [1.032, 10.625, 2.163, 11.591], "texture": "#0"},
				"west": {"uv": [1.032, 10.625, 2.163, 11.591], "texture": "#0"},
				"up": {"uv": [6.312, 6.282, 9.678, 9.717], "texture": "#0"}
			}
		},
		{
			"from": [3.6, 0.2, 9.2],
			"to": [4.3, 0.3, 10.8],
			"faces": {
				"north": {"uv": [0, 10.266, 3.262, 12.412], "rotation": 90, "texture": "#0"},
				"east": {"uv": [0, 10.266, 3.262, 12.412], "rotation": 90, "texture": "#0"},
				"south": {"uv": [0, 10.266, 3.262, 12.412], "rotation": 90, "texture": "#0"},
				"up": {"uv": [0, 10.266, 3.262, 12.412], "rotation": 90, "texture": "#0"}
			}
		},
		{
			"from": [3.9, 0.3, 10.5],
			"to": [4.1, 0.35, 10.7],
			"faces": {
				"north": {"uv": [1.032, 10.625, 2.163, 11.591], "texture": "#0"},
				"east": {"uv": [1.032, 10.625, 2.163, 11.591], "texture": "#0"},
				"south": {"uv": [1.032, 10.625, 2.163, 11.591], "texture": "#0"},
				"west": {"uv": [1.032, 10.625, 2.163, 11.591], "texture": "#0"},
				"up": {"uv": [6.312, 6.282, 9.678, 9.717], "texture": "#0"}
			}
		},
		{
			"from": [3.9, 0.3, 9.3],
			"to": [4.1, 0.35, 9.5],
			"faces": {
				"north": {"uv": [1.032, 10.625, 2.163, 11.591], "texture": "#0"},
				"east": {"uv": [1.032, 10.625, 2.163, 11.591], "texture": "#0"},
				"south": {"uv": [1.032, 10.625, 2.163, 11.591], "texture": "#0"},
				"west": {"uv": [1.032, 10.625, 2.163, 11.591], "texture": "#0"},
				"up": {"uv": [6.312, 6.282, 9.678, 9.717], "texture": "#0"}
			}
		},
		{
			"from": [3.6, 0.3, 9.9],
			"to": [4.3, 0.5, 10.1],
			"faces": {
				"north": {"uv": [0, 10.359, 2.386, 12.339], "texture": "#0"},
				"east": {"uv": [0, 10.359, 2.386, 12.339], "texture": "#0"},
				"south": {"uv": [0, 10.359, 2.386, 12.339], "texture": "#0"},
				"up": {"uv": [0, 10.359, 2.386, 12.339], "texture": "#0"}
			}
		},
		{
			"from": [3.56396, 0.49289, 9.9],
			"to": [3.76396, 0.89289, 10.1],
			"faces": {
				"north": {"uv": [0, 10.359, 1.199, 11.915], "rotation": 90, "texture": "#0"},
				"east": {"uv": [0, 10.359, 1.199, 11.915], "rotation": 90, "texture": "#0"},
				"south": {"uv": [0, 10.359, 1.199, 11.915], "rotation": 90, "texture": "#0"},
				"up": {"uv": [0, 10.359, 1.199, 11.915], "rotation": 90, "texture": "#0"}
			}
		},
		{
			"from": [3.5, 0.2, 9.2],
			"to": [3.6, 0.9, 10.8],
			"faces": {
				"north": {"uv": [0, 10.125, 2.694, 12.513], "texture": "#0"},
				"east": {"uv": [0, 10.125, 2.694, 12.513], "texture": "#0"},
				"south": {"uv": [0, 10.125, 2.694, 12.513], "texture": "#0"},
				"up": {"uv": [0, 10.125, 2.694, 12.513], "texture": "#0"}
			}
		},
		{
			"from": [3.9, 0.3, 6.5],
			"to": [4.1, 0.35, 6.7],
			"faces": {
				"north": {"uv": [1.032, 10.625, 2.163, 11.591], "texture": "#0"},
				"east": {"uv": [1.032, 10.625, 2.163, 11.591], "texture": "#0"},
				"south": {"uv": [1.032, 10.625, 2.163, 11.591], "texture": "#0"},
				"west": {"uv": [1.032, 10.625, 2.163, 11.591], "texture": "#0"},
				"up": {"uv": [6.312, 6.282, 9.678, 9.717], "texture": "#0"}
			}
		},
		{
			"from": [3.6, 0.3, 5.9],
			"to": [4.3, 0.5, 6.1],
			"faces": {
				"north": {"uv": [0, 10.359, 2.386, 12.339], "texture": "#0"},
				"east": {"uv": [0, 10.359, 2.386, 12.339], "texture": "#0"},
				"south": {"uv": [0, 10.359, 2.386, 12.339], "texture": "#0"},
				"up": {"uv": [0, 10.359, 2.386, 12.339], "texture": "#0"}
			}
		},
		{
			"from": [3.9, 0.3, 5.3],
			"to": [4.1, 0.35, 5.5],
			"faces": {
				"north": {"uv": [1.032, 10.625, 2.163, 11.591], "texture": "#0"},
				"east": {"uv": [1.032, 10.625, 2.163, 11.591], "texture": "#0"},
				"south": {"uv": [1.032, 10.625, 2.163, 11.591], "texture": "#0"},
				"west": {"uv": [1.032, 10.625, 2.163, 11.591], "texture": "#0"},
				"up": {"uv": [6.312, 6.282, 9.678, 9.717], "texture": "#0"}
			}
		},
		{
			"from": [3.6, 0.2, 5.2],
			"to": [4.3, 0.3, 6.8],
			"faces": {
				"north": {"uv": [0, 10.266, 3.262, 12.412], "rotation": 90, "texture": "#0"},
				"east": {"uv": [0, 10.266, 3.262, 12.412], "rotation": 90, "texture": "#0"},
				"south": {"uv": [0, 10.266, 3.262, 12.412], "rotation": 90, "texture": "#0"},
				"up": {"uv": [0, 10.266, 3.262, 12.412], "rotation": 90, "texture": "#0"}
			}
		},
		{
			"from": [3.5, 0.2, 5.2],
			"to": [3.6, 0.9, 6.8],
			"faces": {
				"north": {"uv": [0, 10.125, 2.694, 12.513], "texture": "#0"},
				"east": {"uv": [0, 10.125, 2.694, 12.513], "texture": "#0"},
				"south": {"uv": [0, 10.125, 2.694, 12.513], "texture": "#0"},
				"up": {"uv": [0, 10.125, 2.694, 12.513], "texture": "#0"}
			}
		},
		{
			"from": [3.56396, 0.49289, 5.9],
			"to": [3.76396, 0.89289, 6.1],
			"faces": {
				"north": {"uv": [0, 10.359, 1.199, 11.915], "rotation": 90, "texture": "#0"},
				"east": {"uv": [0, 10.359, 1.199, 11.915], "rotation": 90, "texture": "#0"},
				"south": {"uv": [0, 10.359, 1.199, 11.915], "rotation": 90, "texture": "#0"},
				"up": {"uv": [0, 10.359, 1.199, 11.915], "rotation": 90, "texture": "#0"}
			}
		},
		{
			"from": [3.9, 0.3, 2.5],
			"to": [4.1, 0.35, 2.7],
			"faces": {
				"north": {"uv": [1.032, 10.625, 2.163, 11.591], "texture": "#0"},
				"east": {"uv": [1.032, 10.625, 2.163, 11.591], "texture": "#0"},
				"south": {"uv": [1.032, 10.625, 2.163, 11.591], "texture": "#0"},
				"west": {"uv": [1.032, 10.625, 2.163, 11.591], "texture": "#0"},
				"up": {"uv": [6.312, 6.282, 9.678, 9.717], "texture": "#0"}
			}
		},
		{
			"from": [3.6, 0.3, 1.9],
			"to": [4.3, 0.5, 2.1],
			"faces": {
				"north": {"uv": [0, 10.359, 2.386, 12.339], "texture": "#0"},
				"east": {"uv": [0, 10.359, 2.386, 12.339], "texture": "#0"},
				"south": {"uv": [0, 10.359, 2.386, 12.339], "texture": "#0"},
				"up": {"uv": [0, 10.359, 2.386, 12.339], "texture": "#0"}
			}
		},
		{
			"from": [3.9, 0.3, 1.3],
			"to": [4.1, 0.35, 1.5],
			"faces": {
				"north": {"uv": [1.032, 10.625, 2.163, 11.591], "texture": "#0"},
				"east": {"uv": [1.032, 10.625, 2.163, 11.591], "texture": "#0"},
				"south": {"uv": [1.032, 10.625, 2.163, 11.591], "texture": "#0"},
				"west": {"uv": [1.032, 10.625, 2.163, 11.591], "texture": "#0"},
				"up": {"uv": [6.312, 6.282, 9.678, 9.717], "texture": "#0"}
			}
		},
		{
			"from": [3.6, 0.2, 1.2],
			"to": [4.3, 0.3, 2.8],
			"faces": {
				"north": {"uv": [0, 10.266, 3.262, 12.412], "rotation": 90, "texture": "#0"},
				"east": {"uv": [0, 10.266, 3.262, 12.412], "rotation": 90, "texture": "#0"},
				"south": {"uv": [0, 10.266, 3.262, 12.412], "rotation": 90, "texture": "#0"},
				"up": {"uv": [0, 10.266, 3.262, 12.412], "rotation": 90, "texture": "#0"}
			}
		},
		{
			"from": [3.5, 0.2, 1.2],
			"to": [3.6, 0.9, 2.8],
			"faces": {
				"north": {"uv": [0, 10.125, 2.694, 12.513], "texture": "#0"},
				"east": {"uv": [0, 10.125, 2.694, 12.513], "texture": "#0"},
				"south": {"uv": [0, 10.125, 2.694, 12.513], "texture": "#0"},
				"up": {"uv": [0, 10.125, 2.694, 12.513], "texture": "#0"}
			}
		},
		{
			"from": [3.56396, 0.49289, 1.9],
			"to": [3.76396, 0.89289, 2.1],
			"faces": {
				"north": {"uv": [0, 10.359, 1.199, 11.915], "rotation": 90, "texture": "#0"},
				"east": {"uv": [0, 10.359, 1.199, 11.915], "rotation": 90, "texture": "#0"},
				"south": {"uv": [0, 10.359, 1.199, 11.915], "rotation": 90, "texture": "#0"},
				"up": {"uv": [0, 10.359, 1.199, 11.915], "rotation": 90, "texture": "#0"}
			}
		},
		{
			"from": [2.5, 0.3, 12],
			"to": [2.6, 1, 12.1],
			"faces": {
				"north": {"uv": [3.719, 14.532, 5.959, 14.996], "texture": "#0"},
				"south": {"uv": [3.719, 14.532, 5.959, 14.996], "texture": "#0"},
				"west": {"uv": [3.719, 14.532, 5.959, 14.996], "texture": "#0"}
			}
		},
		{
			"from": [2.5, 0.3, 10],
			"to": [2.6, 1, 10.1],
			"faces": {
				"north": {"uv": [3.719, 14.532, 5.959, 14.996], "texture": "#0"},
				"south": {"uv": [3.719, 14.532, 5.959, 14.996], "texture": "#0"},
				"west": {"uv": [3.719, 14.532, 5.959, 14.996], "texture": "#0"}
			}
		},
		{
			"from": [2.5, 0.3, 8],
			"to": [2.6, 1, 8.1],
			"faces": {
				"north": {"uv": [3.719, 14.532, 5.959, 14.996], "texture": "#0"},
				"south": {"uv": [3.719, 14.532, 5.959, 14.996], "texture": "#0"},
				"west": {"uv": [3.719, 14.532, 5.959, 14.996], "texture": "#0"}
			}
		},
		{
			"from": [2.5, 0.3, 6],
			"to": [2.6, 1, 6.1],
			"faces": {
				"north": {"uv": [3.719, 14.532, 5.959, 14.996], "texture": "#0"},
				"south": {"uv": [3.719, 14.532, 5.959, 14.996], "texture": "#0"},
				"west": {"uv": [3.719, 14.532, 5.959, 14.996], "texture": "#0"}
			}
		},
		{
			"from": [2.5, 0.3, 4],
			"to": [2.6, 1, 4.1],
			"faces": {
				"north": {"uv": [3.719, 14.532, 5.959, 14.996], "texture": "#0"},
				"south": {"uv": [3.719, 14.532, 5.959, 14.996], "texture": "#0"},
				"west": {"uv": [3.719, 14.532, 5.959, 14.996], "texture": "#0"}
			}
		},
		{
			"from": [2.5, 0.3, 2],
			"to": [2.6, 1, 2.1],
			"faces": {
				"north": {"uv": [3.719, 14.532, 5.959, 14.996], "texture": "#0"},
				"south": {"uv": [3.719, 14.532, 5.959, 14.996], "texture": "#0"},
				"west": {"uv": [3.719, 14.532, 5.959, 14.996], "texture": "#0"}
			}
		},
		{
			"from": [2.5, 0.3, 0],
			"to": [2.6, 1, 0.1],
			"faces": {
				"north": {"uv": [3.719, 14.532, 5.959, 14.996], "texture": "#0"},
				"south": {"uv": [3.719, 14.532, 5.959, 14.996], "texture": "#0"},
				"west": {"uv": [3.719, 14.532, 5.959, 14.996], "texture": "#0"}
			}
		},
		{
			"from": [2.5, 0.3, 14],
			"to": [2.6, 1, 14.1],
			"faces": {
				"north": {"uv": [3.719, 14.532, 5.959, 14.996], "texture": "#0"},
				"south": {"uv": [3.719, 14.532, 5.959, 14.996], "texture": "#0"},
				"west": {"uv": [3.719, 14.532, 5.959, 14.996], "texture": "#0"}
			}
		},
		{
			"from": [2.5, 0.2, 0],
			"to": [3.6, 0.3, 16],
			"faces": {
				"north": {"uv": [0, 10.454, 2.491, 10.953], "texture": "#0"},
				"east": {"uv": [0, 10.188, 15.991, 10.655], "texture": "#0"},
				"south": {"uv": [0, 10.188, 3.257, 10.655], "texture": "#0"},
				"west": {"uv": [0, 10.188, 15.991, 10.655], "texture": "#0"},
				"up": {"uv": [0, 10.188, 15.991, 12.547], "rotation": 90, "texture": "#0"}
			}
		},
		{
			"from": [2.6, 0.3, 0],
			"to": [3.5, 1, 16],
			"faces": {
				"north": {"uv": [0, 10.172, 2.541, 12.372], "rotation": 180, "texture": "#0"},
				"east": {"uv": [0, 10.219, 16, 12.466], "rotation": 180, "texture": "#0"},
				"south": {"uv": [0, 10.266, 2.493, 12.559], "texture": "#0"},
				"west": {"uv": [0, 10.172, 16, 12.466], "rotation": 180, "texture": "#0"},
				"up": {"uv": [0, 0, 0, 0], "rotation": 90, "texture": "#0"},
				"down": {"uv": [0, 0, 0, 0], "rotation": 90, "texture": "#0"}
			}
		},
		{
			"from": [2.5, 1, 0],
			"to": [3.6, 1.1, 16],
			"faces": {
				"north": {"uv": [0, 10.219, 2.271, 10.678], "texture": "#0"},
				"east": {"uv": [0, 10.359, 16, 10.818], "rotation": 180, "texture": "#0"},
				"south": {"uv": [0, 10.5, 1.866, 10.959], "texture": "#0"},
				"west": {"uv": [0, 11.578, 16, 12.037], "rotation": 90, "texture": "#0"},
				"up": {"uv": [0, 13.704, 15.991, 15.749], "rotation": 90, "texture": "#0"},
				"down": {"uv": [0, 10.234, 15.991, 12.422], "rotation": 90, "texture": "#0"}
			}
		},
		{
			"from": [12.4, 0.2, 13.2],
			"to": [12.5, 0.9, 14.8],
			"rotation": {"angle": 0, "axis": "y", "origin": [16, 0, 0]},
			"faces": {
				"north": {"uv": [2.694, 10.125, 0, 12.513], "texture": "#0"},
				"south": {"uv": [2.694, 10.125, 0, 12.513], "texture": "#0"},
				"west": {"uv": [2.694, 10.125, 0, 12.513], "texture": "#0"},
				"up": {"uv": [2.694, 10.125, 0, 12.513], "texture": "#0"}
			}
		},
		{
			"from": [11.7, 0.3, 13.9],
			"to": [12.4, 0.5, 14.1],
			"rotation": {"angle": 0, "axis": "y", "origin": [16, 0, 0]},
			"faces": {
				"north": {"uv": [2.386, 10.359, 0, 12.339], "texture": "#0"},
				"south": {"uv": [2.386, 10.359, 0, 12.339], "texture": "#0"},
				"west": {"uv": [2.386, 10.359, 0, 12.339], "texture": "#0"},
				"up": {"uv": [2.386, 10.359, 0, 12.339], "texture": "#0"}
			}
		},
		{
			"from": [12.23604, 0.49289, 13.9],
			"to": [12.43604, 0.89289, 14.1],
			"rotation": {"angle": 0, "axis": "y", "origin": [16, 0, 0]},
			"faces": {
				"north": {"uv": [0, 11.915, 1.199, 10.359], "rotation": 90, "texture": "#0"},
				"south": {"uv": [0, 11.915, 1.199, 10.359], "rotation": 90, "texture": "#0"},
				"west": {"uv": [0, 11.915, 1.199, 10.359], "rotation": 90, "texture": "#0"},
				"up": {"uv": [0, 11.915, 1.199, 10.359], "rotation": 90, "texture": "#0"}
			}
		},
		{
			"from": [13.4, 0.2, 13.7],
			"to": [13.9, 0.4, 14.3],
			"rotation": {"angle": 0, "axis": "y", "origin": [16, 0, 0]},
			"faces": {
				"north": {"uv": [3.733, 10.313, 1.313, 12.233], "texture": "#0"},
				"east": {"uv": [3.733, 10.313, 1.313, 12.233], "texture": "#0"},
				"south": {"uv": [3.733, 10.313, 1.313, 12.233], "texture": "#0"},
				"up": {"uv": [3.733, 10.313, 1.313, 12.233], "texture": "#0"}
			}
		},
		{
			"from": [11.7, 0.2, 13.2],
			"to": [12.4, 0.3, 14.8],
			"rotation": {"angle": 0, "axis": "y", "origin": [16, 0, 0]},
			"faces": {
				"north": {"uv": [0, 12.412, 3.262, 10.266], "rotation": 90, "texture": "#0"},
				"south": {"uv": [0, 12.412, 3.262, 10.266], "rotation": 90, "texture": "#0"},
				"west": {"uv": [0, 12.412, 3.262, 10.266], "rotation": 90, "texture": "#0"},
				"up": {"uv": [0, 12.412, 3.262, 10.266], "rotation": 90, "texture": "#0"}
			}
		},
		{
			"from": [11.9, 0.3, 14.5],
			"to": [12.1, 0.35, 14.7],
			"rotation": {"angle": 0, "axis": "y", "origin": [16, 0, 0]},
			"faces": {
				"north": {"uv": [2.163, 10.625, 1.032, 11.591], "texture": "#0"},
				"east": {"uv": [2.163, 10.625, 1.032, 11.591], "texture": "#0"},
				"south": {"uv": [2.163, 10.625, 1.032, 11.591], "texture": "#0"},
				"west": {"uv": [2.163, 10.625, 1.032, 11.591], "texture": "#0"},
				"up": {"uv": [9.678, 6.282, 6.312, 9.717], "texture": "#0"}
			}
		},
		{
			"from": [11.9, 0.3, 13.3],
			"to": [12.1, 0.35, 13.5],
			"rotation": {"angle": 0, "axis": "y", "origin": [16, 0, 0]},
			"faces": {
				"north": {"uv": [2.163, 10.625, 1.032, 11.591], "texture": "#0"},
				"east": {"uv": [2.163, 10.625, 1.032, 11.591], "texture": "#0"},
				"south": {"uv": [2.163, 10.625, 1.032, 11.591], "texture": "#0"},
				"west": {"uv": [2.163, 10.625, 1.032, 11.591], "texture": "#0"},
				"up": {"uv": [9.678, 6.282, 6.312, 9.717], "texture": "#0"}
			}
		},
		{
			"from": [13.4, 0.3, 12],
			"to": [13.5, 1, 12.1],
			"rotation": {"angle": 0, "axis": "y", "origin": [16, 0, 0]},
			"faces": {
				"north": {"uv": [5.959, 14.532, 3.719, 14.996], "texture": "#0"},
				"east": {"uv": [5.959, 14.532, 3.719, 14.996], "texture": "#0"},
				"south": {"uv": [5.959, 14.532, 3.719, 14.996], "texture": "#0"}
			}
		},
		{
			"from": [12.4, 0.2, 0],
			"to": [13.5, 0.3, 16],
			"rotation": {"angle": 0, "axis": "y", "origin": [16, 0, 0]},
			"faces": {
				"north": {"uv": [2.491, 10.454, 0, 10.953], "texture": "#0"},
				"east": {"uv": [15.991, 10.188, 0, 10.655], "texture": "#0"},
				"south": {"uv": [3.257, 10.188, 0, 10.655], "texture": "#0"},
				"west": {"uv": [15.991, 10.188, 0, 10.655], "texture": "#0"},
				"up": {"uv": [0, 12.547, 15.991, 10.188], "rotation": 90, "texture": "#0"}
			}
		},
		{
			"from": [12.5, 0.3, 0],
			"to": [13.4, 1, 16],
			"rotation": {"angle": 0, "axis": "y", "origin": [16, 0, 0]},
			"faces": {
				"north": {"uv": [2.541, 10.172, 0, 12.372], "rotation": 180, "texture": "#0"},
				"east": {"uv": [16, 10.172, 0, 12.466], "rotation": 180, "texture": "#0"},
				"south": {"uv": [2.493, 10.266, 0, 12.559], "texture": "#0"},
				"west": {"uv": [16, 10.219, 0, 12.466], "rotation": 180, "texture": "#0"},
				"up": {"uv": [0, 0, 0, 0], "rotation": 90, "texture": "#0"},
				"down": {"uv": [0, 0, 0, 0], "rotation": 90, "texture": "#0"}
			}
		},
		{
			"from": [12.4, 1, 0],
			"to": [13.5, 1.1, 16],
			"rotation": {"angle": 0, "axis": "y", "origin": [16, 0, 0]},
			"faces": {
				"north": {"uv": [2.271, 10.219, 0, 10.678], "texture": "#0"},
				"east": {"uv": [0, 12.037, 16, 11.578], "rotation": 90, "texture": "#0"},
				"south": {"uv": [1.866, 10.5, 0, 10.959], "texture": "#0"},
				"west": {"uv": [16, 10.359, 0, 10.818], "rotation": 180, "texture": "#0"},
				"up": {"uv": [0, 15.749, 15.991, 13.704], "rotation": 90, "texture": "#0"},
				"down": {"uv": [0, 12.422, 15.991, 10.234], "rotation": 90, "texture": "#0"}
			}
		},
		{
			"from": [13.4, 0.3, 14],
			"to": [13.5, 1, 14.1],
			"rotation": {"angle": 0, "axis": "y", "origin": [16, 0, 0]},
			"faces": {
				"north": {"uv": [5.959, 14.532, 3.719, 14.996], "texture": "#0"},
				"east": {"uv": [5.959, 14.532, 3.719, 14.996], "texture": "#0"},
				"south": {"uv": [5.959, 14.532, 3.719, 14.996], "texture": "#0"}
			}
		},
		{
			"from": [13.4, 0.2, 9.7],
			"to": [13.9, 0.4, 10.3],
			"rotation": {"angle": 0, "axis": "y", "origin": [16, 0, 0]},
			"faces": {
				"north": {"uv": [3.733, 10.313, 1.313, 12.233], "texture": "#0"},
				"east": {"uv": [3.733, 10.313, 1.313, 12.233], "texture": "#0"},
				"south": {"uv": [3.733, 10.313, 1.313, 12.233], "texture": "#0"},
				"up": {"uv": [3.733, 10.313, 1.313, 12.233], "texture": "#0"}
			}
		},
		{
			"from": [13.4, 0.3, 10],
			"to": [13.5, 1, 10.1],
			"rotation": {"angle": 0, "axis": "y", "origin": [16, 0, 0]},
			"faces": {
				"north": {"uv": [5.959, 14.532, 3.719, 14.996], "texture": "#0"},
				"east": {"uv": [5.959, 14.532, 3.719, 14.996], "texture": "#0"},
				"south": {"uv": [5.959, 14.532, 3.719, 14.996], "texture": "#0"}
			}
		},
		{
			"from": [13.4, 0.3, 8],
			"to": [13.5, 1, 8.1],
			"rotation": {"angle": 0, "axis": "y", "origin": [16, 0, 0]},
			"faces": {
				"north": {"uv": [5.959, 14.532, 3.719, 14.996], "texture": "#0"},
				"east": {"uv": [5.959, 14.532, 3.719, 14.996], "texture": "#0"},
				"south": {"uv": [5.959, 14.532, 3.719, 14.996], "texture": "#0"}
			}
		},
		{
			"from": [13.4, 0.3, 6],
			"to": [13.5, 1, 6.1],
			"rotation": {"angle": 0, "axis": "y", "origin": [16, 0, 0]},
			"faces": {
				"north": {"uv": [5.959, 14.532, 3.719, 14.996], "texture": "#0"},
				"east": {"uv": [5.959, 14.532, 3.719, 14.996], "texture": "#0"},
				"south": {"uv": [5.959, 14.532, 3.719, 14.996], "texture": "#0"}
			}
		},
		{
			"from": [13.4, 0.2, 5.7],
			"to": [13.9, 0.4, 6.3],
			"rotation": {"angle": 0, "axis": "y", "origin": [16, 0, 0]},
			"faces": {
				"north": {"uv": [3.733, 10.313, 1.313, 12.233], "texture": "#0"},
				"east": {"uv": [3.733, 10.313, 1.313, 12.233], "texture": "#0"},
				"south": {"uv": [3.733, 10.313, 1.313, 12.233], "texture": "#0"},
				"up": {"uv": [3.733, 10.313, 1.313, 12.233], "texture": "#0"}
			}
		},
		{
			"from": [13.4, 0.3, 4],
			"to": [13.5, 1, 4.1],
			"rotation": {"angle": 0, "axis": "y", "origin": [16, 0, 0]},
			"faces": {
				"north": {"uv": [5.959, 14.532, 3.719, 14.996], "texture": "#0"},
				"east": {"uv": [5.959, 14.532, 3.719, 14.996], "texture": "#0"},
				"south": {"uv": [5.959, 14.532, 3.719, 14.996], "texture": "#0"}
			}
		},
		{
			"from": [13.4, 0.3, 2],
			"to": [13.5, 1, 2.1],
			"rotation": {"angle": 0, "axis": "y", "origin": [16, 0, 0]},
			"faces": {
				"north": {"uv": [5.959, 14.532, 3.719, 14.996], "texture": "#0"},
				"east": {"uv": [5.959, 14.532, 3.719, 14.996], "texture": "#0"},
				"south": {"uv": [5.959, 14.532, 3.719, 14.996], "texture": "#0"}
			}
		},
		{
			"from": [13.4, 0.2, 1.7],
			"to": [13.9, 0.4, 2.3],
			"rotation": {"angle": 0, "axis": "y", "origin": [16, 0, 0]},
			"faces": {
				"north": {"uv": [3.733, 10.313, 1.313, 12.233], "texture": "#0"},
				"east": {"uv": [3.733, 10.313, 1.313, 12.233], "texture": "#0"},
				"south": {"uv": [3.733, 10.313, 1.313, 12.233], "texture": "#0"},
				"up": {"uv": [3.733, 10.313, 1.313, 12.233], "texture": "#0"}
			}
		},
		{
			"from": [13.4, 0.3, 0],
			"to": [13.5, 1, 0.1],
			"rotation": {"angle": 0, "axis": "y", "origin": [16, 0, 0]},
			"faces": {
				"north": {"uv": [5.959, 14.532, 3.719, 14.996], "texture": "#0"},
				"east": {"uv": [5.959, 14.532, 3.719, 14.996], "texture": "#0"},
				"south": {"uv": [5.959, 14.532, 3.719, 14.996], "texture": "#0"}
			}
		},
		{
			"from": [12.4, 0.2, 9.2],
			"to": [12.5, 0.9, 10.8],
			"rotation": {"angle": 0, "axis": "y", "origin": [16, 0, 0]},
			"faces": {
				"north": {"uv": [2.694, 10.125, 0, 12.513], "texture": "#0"},
				"south": {"uv": [2.694, 10.125, 0, 12.513], "texture": "#0"},
				"west": {"uv": [2.694, 10.125, 0, 12.513], "texture": "#0"},
				"up": {"uv": [2.694, 10.125, 0, 12.513], "texture": "#0"}
			}
		},
		{
			"from": [12.23604, 0.49289, 9.9],
			"to": [12.43604, 0.89289, 10.1],
			"rotation": {"angle": 0, "axis": "y", "origin": [16, 0, 0]},
			"faces": {
				"north": {"uv": [0, 11.915, 1.199, 10.359], "rotation": 90, "texture": "#0"},
				"south": {"uv": [0, 11.915, 1.199, 10.359], "rotation": 90, "texture": "#0"},
				"west": {"uv": [0, 11.915, 1.199, 10.359], "rotation": 90, "texture": "#0"},
				"up": {"uv": [0, 11.915, 1.199, 10.359], "rotation": 90, "texture": "#0"}
			}
		},
		{
			"from": [11.7, 0.3, 9.9],
			"to": [12.4, 0.5, 10.1],
			"rotation": {"angle": 0, "axis": "y", "origin": [16, 0, 0]},
			"faces": {
				"north": {"uv": [2.386, 10.359, 0, 12.339], "texture": "#0"},
				"south": {"uv": [2.386, 10.359, 0, 12.339], "texture": "#0"},
				"west": {"uv": [2.386, 10.359, 0, 12.339], "texture": "#0"},
				"up": {"uv": [2.386, 10.359, 0, 12.339], "texture": "#0"}
			}
		},
		{
			"from": [11.9, 0.3, 9.3],
			"to": [12.1, 0.35, 9.5],
			"rotation": {"angle": 0, "axis": "y", "origin": [16, 0, 0]},
			"faces": {
				"north": {"uv": [2.163, 10.625, 1.032, 11.591], "texture": "#0"},
				"east": {"uv": [2.163, 10.625, 1.032, 11.591], "texture": "#0"},
				"south": {"uv": [2.163, 10.625, 1.032, 11.591], "texture": "#0"},
				"west": {"uv": [2.163, 10.625, 1.032, 11.591], "texture": "#0"},
				"up": {"uv": [9.678, 6.282, 6.312, 9.717], "texture": "#0"}
			}
		},
		{
			"from": [11.9, 0.3, 10.5],
			"to": [12.1, 0.35, 10.7],
			"rotation": {"angle": 0, "axis": "y", "origin": [16, 0, 0]},
			"faces": {
				"north": {"uv": [2.163, 10.625, 1.032, 11.591], "texture": "#0"},
				"east": {"uv": [2.163, 10.625, 1.032, 11.591], "texture": "#0"},
				"south": {"uv": [2.163, 10.625, 1.032, 11.591], "texture": "#0"},
				"west": {"uv": [2.163, 10.625, 1.032, 11.591], "texture": "#0"},
				"up": {"uv": [9.678, 6.282, 6.312, 9.717], "texture": "#0"}
			}
		},
		{
			"from": [11.7, 0.2, 9.2],
			"to": [12.4, 0.3, 10.8],
			"rotation": {"angle": 0, "axis": "y", "origin": [16, 0, 0]},
			"faces": {
				"north": {"uv": [0, 12.412, 3.262, 10.266], "rotation": 90, "texture": "#0"},
				"south": {"uv": [0, 12.412, 3.262, 10.266], "rotation": 90, "texture": "#0"},
				"west": {"uv": [0, 12.412, 3.262, 10.266], "rotation": 90, "texture": "#0"},
				"up": {"uv": [0, 12.412, 3.262, 10.266], "rotation": 90, "texture": "#0"}
			}
		},
		{
			"from": [12.23604, 0.49289, 5.9],
			"to": [12.43604, 0.89289, 6.1],
			"rotation": {"angle": 0, "axis": "y", "origin": [16, 0, 0]},
			"faces": {
				"north": {"uv": [0, 11.915, 1.199, 10.359], "rotation": 90, "texture": "#0"},
				"south": {"uv": [0, 11.915, 1.199, 10.359], "rotation": 90, "texture": "#0"},
				"west": {"uv": [0, 11.915, 1.199, 10.359], "rotation": 90, "texture": "#0"},
				"up": {"uv": [0, 11.915, 1.199, 10.359], "rotation": 90, "texture": "#0"}
			}
		},
		{
			"from": [12.4, 0.2, 5.2],
			"to": [12.5, 0.9, 6.8],
			"rotation": {"angle": 0, "axis": "y", "origin": [16, 0, 0]},
			"faces": {
				"north": {"uv": [2.694, 10.125, 0, 12.513], "texture": "#0"},
				"south": {"uv": [2.694, 10.125, 0, 12.513], "texture": "#0"},
				"west": {"uv": [2.694, 10.125, 0, 12.513], "texture": "#0"},
				"up": {"uv": [2.694, 10.125, 0, 12.513], "texture": "#0"}
			}
		},
		{
			"from": [11.7, 0.2, 5.2],
			"to": [12.4, 0.3, 6.8],
			"rotation": {"angle": 0, "axis": "y", "origin": [16, 0, 0]},
			"faces": {
				"north": {"uv": [0, 12.412, 3.262, 10.266], "rotation": 90, "texture": "#0"},
				"south": {"uv": [0, 12.412, 3.262, 10.266], "rotation": 90, "texture": "#0"},
				"west": {"uv": [0, 12.412, 3.262, 10.266], "rotation": 90, "texture": "#0"},
				"up": {"uv": [0, 12.412, 3.262, 10.266], "rotation": 90, "texture": "#0"}
			}
		},
		{
			"from": [11.9, 0.3, 5.3],
			"to": [12.1, 0.35, 5.5],
			"rotation": {"angle": 0, "axis": "y", "origin": [16, 0, 0]},
			"faces": {
				"north": {"uv": [2.163, 10.625, 1.032, 11.591], "texture": "#0"},
				"east": {"uv": [2.163, 10.625, 1.032, 11.591], "texture": "#0"},
				"south": {"uv": [2.163, 10.625, 1.032, 11.591], "texture": "#0"},
				"west": {"uv": [2.163, 10.625, 1.032, 11.591], "texture": "#0"},
				"up": {"uv": [9.678, 6.282, 6.312, 9.717], "texture": "#0"}
			}
		},
		{
			"from": [11.7, 0.3, 5.9],
			"to": [12.4, 0.5, 6.1],
			"rotation": {"angle": 0, "axis": "y", "origin": [16, 0, 0]},
			"faces": {
				"north": {"uv": [2.386, 10.359, 0, 12.339], "texture": "#0"},
				"south": {"uv": [2.386, 10.359, 0, 12.339], "texture": "#0"},
				"west": {"uv": [2.386, 10.359, 0, 12.339], "texture": "#0"},
				"up": {"uv": [2.386, 10.359, 0, 12.339], "texture": "#0"}
			}
		},
		{
			"from": [11.9, 0.3, 6.5],
			"to": [12.1, 0.35, 6.7],
			"rotation": {"angle": 0, "axis": "y", "origin": [16, 0, 0]},
			"faces": {
				"north": {"uv": [2.163, 10.625, 1.032, 11.591], "texture": "#0"},
				"east": {"uv": [2.163, 10.625, 1.032, 11.591], "texture": "#0"},
				"south": {"uv": [2.163, 10.625, 1.032, 11.591], "texture": "#0"},
				"west": {"uv": [2.163, 10.625, 1.032, 11.591], "texture": "#0"},
				"up": {"uv": [9.678, 6.282, 6.312, 9.717], "texture": "#0"}
			}
		},
		{
			"from": [12.23604, 0.49289, 1.9],
			"to": [12.43604, 0.89289, 2.1],
			"rotation": {"angle": 0, "axis": "y", "origin": [16, 0, 0]},
			"faces": {
				"north": {"uv": [0, 11.915, 1.199, 10.359], "rotation": 90, "texture": "#0"},
				"south": {"uv": [0, 11.915, 1.199, 10.359], "rotation": 90, "texture": "#0"},
				"west": {"uv": [0, 11.915, 1.199, 10.359], "rotation": 90, "texture": "#0"},
				"up": {"uv": [0, 11.915, 1.199, 10.359], "rotation": 90, "texture": "#0"}
			}
		},
		{
			"from": [12.4, 0.2, 1.2],
			"to": [12.5, 0.9, 2.8],
			"rotation": {"angle": 0, "axis": "y", "origin": [16, 0, 0]},
			"faces": {
				"north": {"uv": [2.694, 10.125, 0, 12.513], "texture": "#0"},
				"south": {"uv": [2.694, 10.125, 0, 12.513], "texture": "#0"},
				"west": {"uv": [2.694, 10.125, 0, 12.513], "texture": "#0"},
				"up": {"uv": [2.694, 10.125, 0, 12.513], "texture": "#0"}
			}
		},
		{
			"from": [11.7, 0.2, 1.2],
			"to": [12.4, 0.3, 2.8],
			"rotation": {"angle": 0, "axis": "y", "origin": [16, 0, 0]},
			"faces": {
				"north": {"uv": [0, 12.412, 3.262, 10.266], "rotation": 90, "texture": "#0"},
				"south": {"uv": [0, 12.412, 3.262, 10.266], "rotation": 90, "texture": "#0"},
				"west": {"uv": [0, 12.412, 3.262, 10.266], "rotation": 90, "texture": "#0"},
				"up": {"uv": [0, 12.412, 3.262, 10.266], "rotation": 90, "texture": "#0"}
			}
		},
		{
			"from": [11.9, 0.3, 1.3],
			"to": [12.1, 0.35, 1.5],
			"rotation": {"angle": 0, "axis": "y", "origin": [16, 0, 0]},
			"faces": {
				"north": {"uv": [2.163, 10.625, 1.032, 11.591], "texture": "#0"},
				"east": {"uv": [2.163, 10.625, 1.032, 11.591], "texture": "#0"},
				"south": {"uv": [2.163, 10.625, 1.032, 11.591], "texture": "#0"},
				"west": {"uv": [2.163, 10.625, 1.032, 11.591], "texture": "#0"},
				"up": {"uv": [9.678, 6.282, 6.312, 9.717], "texture": "#0"}
			}
		},
		{
			"from": [11.7, 0.3, 1.9],
			"to": [12.4, 0.5, 2.1],
			"rotation": {"angle": 0, "axis": "y", "origin": [16, 0, 0]},
			"faces": {
				"north": {"uv": [2.386, 10.359, 0, 12.339], "texture": "#0"},
				"south": {"uv": [2.386, 10.359, 0, 12.339], "texture": "#0"},
				"west": {"uv": [2.386, 10.359, 0, 12.339], "texture": "#0"},
				"up": {"uv": [2.386, 10.359, 0, 12.339], "texture": "#0"}
			}
		},
		{
			"from": [11.9, 0.3, 2.5],
			"to": [12.1, 0.35, 2.7],
			"rotation": {"angle": 0, "axis": "y", "origin": [16, 0, 0]},
			"faces": {
				"north": {"uv": [2.163, 10.625, 1.032, 11.591], "texture": "#0"},
				"east": {"uv": [2.163, 10.625, 1.032, 11.591], "texture": "#0"},
				"south": {"uv": [2.163, 10.625, 1.032, 11.591], "texture": "#0"},
				"west": {"uv": [2.163, 10.625, 1.032, 11.591], "texture": "#0"},
				"up": {"uv": [9.678, 6.282, 6.312, 9.717], "texture": "#0"}
			}
		},
		{
			"from": [7.55, 0.4, 9],
			"to": [8.45, 0.7, 16],
			"faces": {
				"east": {"uv": [11.28906, 0.55469, 12.64063, 0.80469], "texture": "#1"},
				"south": {"uv": [11.28906, 0.55469, 12.64063, 0.80469], "texture": "#1"},
				"west": {"uv": [11.28906, 0.55469, 12.64063, 0.80469], "texture": "#1"},
				"up": {"uv": [8.6875, 0, 16, 0.90625], "rotation": 90, "texture": "#1"},
				"down": {"uv": [11.28906, 0.55469, 12.64063, 0.80469], "texture": "#1"}
			}
		},
		{
			"from": [7.55, 0.4, 2],
			"to": [8.45, 0.7, 9],
			"faces": {
				"east": {"uv": [11.28906, 0.55469, 12.64063, 0.80469], "texture": "#1"},
				"west": {"uv": [11.28906, 0.55469, 12.64063, 0.80469], "texture": "#1"},
				"up": {"uv": [8.50781, 0, 16, 0.90625], "rotation": 90, "texture": "#1"},
				"down": {"uv": [11.28906, 0.55469, 12.64063, 0.80469], "texture": "#1"}
			}
		},
		{
			"from": [7.55, 0.4, 0],
			"to": [8.45, 0.7, 2],
			"faces": {
				"north": {"uv": [11.28906, 0.55469, 12.64063, 0.80469], "texture": "#1"},
				"east": {"uv": [11.28906, 0.55469, 12.64063, 0.80469], "texture": "#1"},
				"west": {"uv": [11.28906, 0.55469, 12.64063, 0.80469], "texture": "#1"},
				"up": {"uv": [13.76563, 0, 15.52344, 0.90625], "rotation": 90, "texture": "#1"},
				"down": {"uv": [11.28906, 0.55469, 12.64063, 0.80469], "texture": "#1"}
			}
		},
		{
			"from": [10.7, 0.2, 0],
			"to": [11.3, 1.1, 16],
			"faces": {
				"north": {"uv": [0, 4.92578, 0.57813, 5.55469], "texture": "#0"},
				"east": {"uv": [0, 4.92578, 16, 5.55469], "texture": "#0"},
				"south": {"uv": [0, 4.92578, 0.60938, 5.55469], "texture": "#0"},
				"west": {"uv": [0, 4.92578, 16, 5.55469], "texture": "#0"},
				"up": {"uv": [0, 4.9375, 16, 5.54688], "rotation": 90, "texture": "#0"},
				"down": {"uv": [0, 4.9375, 15.98438, 5.54688], "rotation": 90, "texture": "#0"}
			}
		},
		{
			"from": [4.5, 0.2, 0],
			"to": [5.1, 1.1, 16],
			"faces": {
				"north": {"uv": [0, 4.92578, 0.57813, 5.55469], "texture": "#0"},
				"east": {"uv": [0, 4.92578, 16, 5.55469], "texture": "#0"},
				"south": {"uv": [0, 4.92578, 0.60938, 5.55469], "texture": "#0"},
				"west": {"uv": [0, 4.92578, 16, 5.55469], "texture": "#0"},
				"up": {"uv": [0, 4.9375, 16, 5.54688], "rotation": 90, "texture": "#0"},
				"down": {"uv": [0, 4.9375, 15.98438, 5.54688], "rotation": 90, "texture": "#0"}
			}
		},
		{
			"from": [5.1, 1.2, 5],
			"to": [10.7, 1.2, 10.7],
			"rotation": {"angle": 0, "axis": "y", "origin": [5.7, 0, 5.5]},
			"faces": {
				"up": {"uv": [13.141, 13.344, 2.86, 2.845], "texture": "#5"},
				"down": {"uv": [13.359, 2.845, 2.86, 13.126], "texture": "#5"}
			}
		},
		{
			"from": [5.1, 1.1, 5],
			"to": [10.7, 1.1, 10.7],
			"rotation": {"angle": 0, "axis": "y", "origin": [5.7, 0, 5.5]},
			"faces": {
				"up": {"uv": [13.141, 13.344, 2.86, 2.845], "texture": "#5"},
				"down": {"uv": [13.359, 2.845, 2.86, 13.126], "texture": "#5"}
			}
		},
		{
			"from": [5.1, 1, 5],
			"to": [10.7, 1, 10.7],
			"rotation": {"angle": 0, "axis": "y", "origin": [5.7, 0, 5.5]},
			"faces": {
				"up": {"uv": [13.141, 13.344, 2.86, 2.845], "texture": "#5"},
				"down": {"uv": [13.359, 2.845, 2.86, 13.126], "texture": "#5"}
			}
		},
		{
			"from": [5.1, 0.9, 5],
			"to": [10.7, 0.9, 10.7],
			"rotation": {"angle": 0, "axis": "y", "origin": [5.7, 0, 5.5]},
			"faces": {
				"up": {"uv": [13.141, 13.344, 2.86, 2.845], "texture": "#5"},
				"down": {"uv": [13.359, 2.845, 2.86, 13.126], "texture": "#5"}
			}
		},
		{
			"from": [5.1, 0.8, 5],
			"to": [10.7, 0.8, 10.7],
			"rotation": {"angle": 0, "axis": "y", "origin": [5.7, 0, 5.5]},
			"faces": {
				"up": {"uv": [13.141, 13.344, 2.86, 2.845], "texture": "#5"},
				"down": {"uv": [13.359, 2.845, 2.86, 13.126], "texture": "#5"}
			}
		},
		{
			"from": [5.1, 0.7, 5],
			"to": [10.7, 0.7, 10.7],
			"rotation": {"angle": 0, "axis": "y", "origin": [5.7, 0, 5.5]},
			"faces": {
				"up": {"uv": [13.141, 13.344, 2.86, 2.845], "texture": "#5"},
				"down": {"uv": [13.359, 2.845, 2.86, 13.126], "texture": "#5"}
			}
		},
		{
			"from": [5.1, 0.6, 5],
			"to": [10.7, 0.6, 10.7],
			"rotation": {"angle": 0, "axis": "y", "origin": [5.7, 0, 5.5]},
			"faces": {
				"up": {"uv": [13.141, 13.344, 2.86, 2.845], "texture": "#5"},
				"down": {"uv": [13.359, 2.845, 2.86, 13.126], "texture": "#5"}
			}
		},
		{
			"from": [5.1, 0.5, 5],
			"to": [10.7, 0.5, 10.7],
			"rotation": {"angle": 0, "axis": "y", "origin": [5.7, 0, 5.5]},
			"faces": {
				"up": {"uv": [13.141, 13.344, 2.86, 2.845], "texture": "#5"},
				"down": {"uv": [13.359, 2.845, 2.86, 13.126], "texture": "#5"}
			}
		},
		{
			"from": [5.1, 0.4, 5],
			"to": [10.7, 0.4, 10.7],
			"rotation": {"angle": 0, "axis": "y", "origin": [5.7, 0, 5.5]},
			"faces": {
				"up": {"uv": [13.141, 13.344, 2.86, 2.845], "texture": "#5"},
				"down": {"uv": [13.359, 2.845, 2.86, 13.126], "texture": "#5"}
			}
		},
		{
			"from": [5.1, 0.3, 5],
			"to": [10.7, 0.3, 10.7],
			"rotation": {"angle": 0, "axis": "y", "origin": [5.7, 0, 5.5]},
			"faces": {
				"up": {"uv": [13.141, 13.344, 2.86, 2.845], "texture": "#5"},
				"down": {"uv": [13.359, 2.845, 2.86, 13.126], "texture": "#5"}
			}
		},
		{
			"from": [5.1, 0.2, 5],
			"to": [10.7, 0.2, 10.7],
			"rotation": {"angle": 0, "axis": "y", "origin": [5.7, 0, 5.5]},
			"faces": {
				"up": {"uv": [13.141, 13.344, 2.86, 2.845], "texture": "#5"},
				"down": {"uv": [13.359, 2.845, 2.86, 13.126], "texture": "#5"}
			}
		},
		{
			"from": [5.1, 0.1, 5],
			"to": [10.7, 0.1, 10.7],
			"rotation": {"angle": 0, "axis": "y", "origin": [5.7, 0, 5.5]},
			"faces": {
				"up": {"uv": [13.141, 13.344, 2.86, 2.845], "texture": "#5"},
				"down": {"uv": [13.359, 2.845, 2.86, 13.126], "texture": "#5"}
			}
		}
	],
	"display": {
		"thirdperson_righthand": {
			"rotation": [-20, 40, 0],
			"translation": [0, 3.25, 0],
			"scale": [0.4, 0.4, 0.4]
		},
		"thirdperson_lefthand": {
			"rotation": [-20, 40, 0],
			"translation": [0, 3.25, 0],
			"scale": [0.4, 0.4, 0.4]
		},
		"firstperson_righthand": {
			"rotation": [55, 0, 90],
			"translation": [-5, -1, 0]
		},
		"firstperson_lefthand": {
			"rotation": [55, 0, 90],
			"translation": [-5, -1, 0]
		},
		"ground": {
			"translation": [0, 0.5, 0],
			"scale": [0.4, 0.4, 0.4]
		},
		"gui": {
			"rotation": [90, 0, 0],
			"translation": [0, 0.5, 0]
		},
		"head": {
			"rotation": [-90, 90, 0],
			"translation": [0, 0, -14]
		},
		"fixed": {
			"rotation": [-90, 0, 0],
			"translation": [0, 0, -7.75]
		}
	},
	"groups": [
		0,
		1,
		2,
		3,
		4,
		5,
		6,
		7,
		8,
		9,
		10,
		11,
		12,
		13,
		14,
		15,
		16,
		17,
		18,
		19,
		20,
		21,
		22,
		23,
		24,
		25,
		26,
		27,
		28,
		29,
		30,
		31,
		32,
		33,
		34,
		35,
		36,
		37,
		38,
		39,
		40,
		41,
		42,
		43,
		44,
		45,
		46,
		47,
		48,
		49,
		50,
		51,
		52,
		53,
		54,
		55,
		56,
		57,
		58,
		59,
		60,
		61,
		62,
		63,
		64,
		65,
		66,
		67,
		68,
		69,
		70,
		71,
		72,
		73,
		74,
		75,
		76,
		77,
		78,
		79,
		80,
		81,
		82,
		83,
		84,
		85,
		86,
		{
			"name": "group",
			"origin": [0, 0, 0],
			"color": 0,
			"children": [87, 88, 89, 90, 91, 92, 93, 94, 95, 96, 97, 98]
		}
	]
}