{
	"credit": "Made with Blockbench",
	"textures": {
		"0": "block/cmodels/smoker_metal",
		"1": "block/cmodels/thermometer",
		"2": "block/cmodels/door_metal",
		"3": "block/cmodels/grid",
		"4": "block/cmodels/smoker_glass",
		"particle": "block/cmodels/smoker_metal"
	},
	"elements": [
		{
			"from": [14, 0, 0],
			"to": [16, 16, 16],
			"faces": {
				"north": {"uv": [0, 0, 1.95313, 16], "texture": "#0"},
				"east": {"uv": [2.35938, 0, 13.70313, 16], "texture": "#0"},
				"west": {"uv": [0, 0, 16, 16], "texture": "#2"},
				"up": {"uv": [0, 0, 1.4375, 16], "texture": "#0"},
				"down": {"uv": [2.75, 0, 4.75, 16], "texture": "#0"}
			}
		},
		{
			"from": [0, 0, 0],
			"to": [2, 16, 16],
			"faces": {
				"north": {"uv": [14.0625, 0, 16, 16], "texture": "#0"},
				"east": {"uv": [0, 0, 16, 16], "texture": "#2"},
				"west": {"uv": [2.21875, 0, 13.8125, 16], "texture": "#0"},
				"up": {"uv": [14.6875, 0, 16, 16], "texture": "#0"},
				"down": {"uv": [5.04688, 0, 7.04688, 16], "texture": "#0"}
			}
		},
		{
			"from": [0, 0, 16.0001],
			"to": [16, 16, 16.0001],
			"rotation": {"angle": 0, "axis": "y", "origin": [0, 0, 16]},
			"faces": {
				"south": {"uv": [0, 0, 16, 16], "texture": "#0"}
			}
		},
		{
			"from": [2, 0, 0],
			"to": [14, 3, 16],
			"faces": {
				"north": {"uv": [1.96875, 13, 14.0625, 16], "texture": "#0"},
				"up": {"uv": [0, 0, 12, 16], "texture": "#2"},
				"down": {"uv": [2.20313, 0, 13.64063, 16], "texture": "#0"}
			}
		},
		{
			"from": [2, 3, 13],
			"to": [14, 10, 16],
			"faces": {
				"north": {"uv": [0, 0, 12, 7], "texture": "#2"}
			}
		},
		{
			"from": [2, 10, 0],
			"to": [14, 16, 16],
			"faces": {
				"north": {"uv": [1.95313, 0, 14.04688, 6], "texture": "#0"},
				"up": {"uv": [2.15625, 0, 13.85938, 16], "texture": "#0"},
				"down": {"uv": [0, 0, 12, 16], "texture": "#2"}
			}
		},
		{
			"from": [6.4, 12.3, -0.1],
			"to": [9.4, 15.3, -0.1],
			"faces": {
				"north": {"uv": [0, 0, 16, 16], "texture": "#1"},
				"south": {"uv": [0, 0, 16, 16], "texture": "#1"}
			}
		},
		{
			"from": [6.4, 12.3, -0.2],
			"to": [9.4, 15.3, -0.2],
			"faces": {
				"north": {"uv": [0, 0, 16, 16], "texture": "#1"},
				"south": {"uv": [0, 0, 16, 16], "texture": "#1"}
			}
		},
		{
			"from": [6.4, 12.3, -0.3],
			"to": [9.4, 15.3, -0.3],
			"faces": {
				"north": {"uv": [0, 0, 16, 16], "texture": "#1"},
				"south": {"uv": [0, 0, 16, 16], "texture": "#1"}
			}
		},
		{
			"from": [6.4, 12.3, -0.4],
			"to": [9.4, 15.3, -0.4],
			"faces": {
				"north": {"uv": [0, 0, 16, 16], "texture": "#1"},
				"south": {"uv": [0, 0, 16, 16], "texture": "#1"}
			}
		},
		{
			"from": [6.4, 12.3, -0.5],
			"to": [9.4, 15.3, -0.5],
			"faces": {
				"north": {"uv": [0, 0, 16, 16], "texture": "#1"},
				"south": {"uv": [0, 0, 16, 16], "texture": "#1"}
			}
		},
		{
			"from": [6.4, 12.3, -0.6],
			"to": [9.4, 15.3, -0.6],
			"faces": {
				"north": {"uv": [0, 0, 16, 16], "texture": "#1"},
				"south": {"uv": [0, 0, 16, 16], "texture": "#1"}
			}
		},
		{
			"from": [6.4, 12.3, -0.7],
			"to": [9.4, 15.3, -0.7],
			"faces": {
				"north": {"uv": [0, 0, 16, 16], "texture": "#1"},
				"south": {"uv": [0, 0, 16, 16], "texture": "#1"}
			}
		},
		{
			"from": [2, 6.9, 0.2],
			"to": [14, 6.9, 12.8],
			"faces": {
				"up": {"uv": [0, 0, 16, 16], "rotation": 90, "texture": "#3"},
				"down": {"uv": [0, 0, 16, 16], "rotation": 180, "texture": "#3"}
			}
		},
		{
			"from": [-0.4, 0, -0.001],
			"to": [16.4, 16, -0.001],
			"faces": {
				"north": {"uv": [0, 0, 16, 16], "texture": "#4"}
			}
		},
		{
			"from": [2, 6.8, 0.2],
			"to": [14, 6.8, 12.8],
			"faces": {
				"up": {"uv": [0, 0, 16, 16], "rotation": 90, "texture": "#3"},
				"down": {"uv": [0, 0, 16, 16], "rotation": 180, "texture": "#3"}
			}
		},
		{
			"from": [2, 4.3, 0.2],
			"to": [14, 4.3, 12.8],
			"faces": {
				"up": {"uv": [0, 0, 16, 16], "rotation": 90, "texture": "#3"},
				"down": {"uv": [0, 0, 16, 16], "rotation": 180, "texture": "#3"}
			}
		},
		{
			"from": [2, 4.2, 0.2],
			"to": [14, 4.2, 12.8],
			"faces": {
				"up": {"uv": [0, 0, 16, 16], "rotation": 90, "texture": "#3"},
				"down": {"uv": [0, 0, 16, 16], "rotation": 180, "texture": "#3"}
			}
		}
	],
		"display": {
		"thirdperson_righthand": {
			"rotation": [75, 45, 0],
			"translation": [0, 2.5, 0],
			"scale": [0.375, 0.375, 0.375]
		},
		"firstperson_righthand": {
			"rotation": [0, 45, 0],
			"scale": [0.4, 0.4, 0.4]
		},
		"firstperson_lefthand": {
			"rotation": [0, 225, 0],
			"scale": [0.4, 0.4, 0.4]
		},
		"ground": {
			"translation": [0, 3, 0],
			"scale": [0.25, 0.25, 0.25]
		},
		"gui": {
			"rotation": [30, 225, 0],
			"scale": [0.625, 0.625, 0.625]
		}
	}
}