{
	"credit": "Made with Blockbench",
	"ambientocclusion": false,
	"textures": {
		"2": "block/cmodels/birch_door_handle",
		"5": "block/cmodels/acacia_door",
		"particle": "block/cmodels/acacia_door"
	},
	"elements": [
		{
			"from": [0.1, 10, -0.1],
			"to": [0.9, 13, 0],
			"rotation": {"angle": 0, "axis": "y", "origin": [-7, 8, 8]},
			"faces": {
				"north": {"uv": [4.01563, 2.78125, 5.1875, 4.73438], "texture": "#2"},
				"east": {"uv": [4.01563, 2.78125, 5.1875, 4.73438], "texture": "#2"},
				"west": {"uv": [4.01563, 2.78125, 5.1875, 4.73438], "texture": "#2"},
				"up": {"uv": [4.01563, 2.78125, 5.1875, 4.73438], "texture": "#2"},
				"down": {"uv": [4.01563, 2.78125, 5.1875, 4.73438], "texture": "#2"}
			}
		},
		{
			"from": [0, 2, 2],
			"to": [1, 6.5, 14],
			"rotation": {"angle": 0, "axis": "y", "origin": [0, 0, 16]},
			"faces": {
				"east": {"uv": [2.95313, 0.09375, 13.04688, 4.70313], "texture": "#5"},
				"west": {"uv": [13.04688, 15.90625, 2.95313, 11.29688], "texture": "#5"},
				"up": {"uv": [0.23438, 0, 1.14063, 13.98438], "texture": "#5"},
				"down": {"uv": [1.64063, 14, 2.64063, 0], "texture": "#5"}
			}
		},
		{
			"from": [0, 11, 2],
			"to": [1, 16, 14],
			"rotation": {"angle": 0, "axis": "y", "origin": [0, 0, 16]},
			"faces": {
				"east": {"uv": [13.04688, 4.70313, 2.95313, 0.09375], "texture": "#5"},
				"west": {"uv": [13.04688, 11.29688, 2.95313, 15.90625], "texture": "#5"},
				"up": {"uv": [0.23438, 0, 1.14063, 13.98438], "texture": "#5"},
				"down": {"uv": [1.64063, 14, 2.64063, 0], "texture": "#5"}
			}
		},
		{
			"from": [0, 0, 14],
			"to": [1, 16, 16],
			"rotation": {"angle": 0, "axis": "y", "origin": [0, 0, 16]},
			"faces": {
				"north": {"uv": [1.73438, 0, 2.64063, 16], "rotation": 180, "texture": "#5"},
				"east": {"uv": [0.23438, 16, 2.64063, 0], "texture": "#5"},
				"south": {"uv": [1.64063, 16, 2.64063, 0], "texture": "#5"},
				"west": {"uv": [0.23438, 15.96875, 2.64063, 0], "rotation": 180, "texture": "#5"},
				"up": {"uv": [1.39063, 0, 0.39063, 2.125], "texture": "#5"}
			}
		},
		{
			"from": [0, 0, 0],
			"to": [1, 16, 2],
			"rotation": {"angle": 0, "axis": "y", "origin": [0, 0, 16]},
			"faces": {
				"north": {"uv": [1.73438, 0, 2.64063, 16], "rotation": 180, "texture": "#5"},
				"east": {"uv": [13.35938, 16, 15.76563, 0], "texture": "#5"},
				"south": {"uv": [1.64063, 16, 2.64063, 0], "texture": "#5"},
				"west": {"uv": [13.35938, 16, 15.76563, 0.03125], "rotation": 180, "texture": "#5"},
				"up": {"uv": [1.42188, 0, 0.42188, 2.125], "texture": "#5"}
			}
		},
		{
			"from": [0, 6.5, 2],
			"to": [1, 11, 8],
			"rotation": {"angle": 0, "axis": "y", "origin": [0, 0, 16]},
			"faces": {
				"east": {"uv": [9.51563, 6.32813, 2.96875, 10.95313], "texture": "#5"},
				"south": {"uv": [1.64063, 0, 2.64063, 5.60938], "texture": "#5"},
				"west": {"uv": [9.51563, 6.32813, 2.96875, 10.95313], "texture": "#5"}
			}
		}
	],
	"groups": [
		{
			"name": "group",
			"origin": [8, 8, 8],
			"color": 0,
			"children": [0, 1, 2, 3, 4, 5]
		}
	]
}