{
	"credit": "Made with Blockbench",
	"textures": {
		"0": "amethyst_block",
		"particle": "amethyst_block"
	},
	"elements": [
		{
			"from": [6, 0, 6],
			"to": [10, 10, 10],
			"faces": {
				"north": {"uv": [0, 0, 4, 10], "texture": "#0"},
				"east": {"uv": [0, 0, 4, 10], "texture": "#0"},
				"south": {"uv": [0, 0, 4, 10], "texture": "#0"},
				"west": {"uv": [0, 0, 4, 10], "texture": "#0"},
				"up": {"uv": [0, 0, 4, 4], "texture": "#0"},
				"down": {"uv": [0, 0, 4, 4], "texture": "#0"}
			}
		},
		{
			"from": [6, 0, 10],
			"to": [10, 9, 14],
			"rotation": {"angle": 45, "axis": "x", "origin": [8, 4.5, 10]},
			"faces": {
				"north": {"uv": [0, 0, 4, 9], "texture": "#0"},
				"east": {"uv": [0, 0, 4, 9], "texture": "#0"},
				"south": {"uv": [0, 0, 4, 9], "texture": "#0"},
				"west": {"uv": [0, 0, 4, 9], "texture": "#0"},
				"up": {"uv": [0, 0, 4, 4], "texture": "#0"},
				"down": {"uv": [0, 0, 4, 4], "texture": "#0"}
			}
		},
		{
			"from": [6, 0, 2],
			"to": [10, 9, 6],
			"rotation": {"angle": -45, "axis": "x", "origin": [8, 4.5, 6]},
			"faces": {
				"north": {"uv": [0, 0, 4, 9], "texture": "#0"},
				"east": {"uv": [0, 0, 4, 9], "texture": "#0"},
				"south": {"uv": [0, 0, 4, 9], "texture": "#0"},
				"west": {"uv": [0, 0, 4, 9], "texture": "#0"},
				"up": {"uv": [0, 0, 4, 4], "texture": "#0"},
				"down": {"uv": [0, 0, 4, 4], "texture": "#0"}
			}
		},
		{
			"from": [10, 0, 6.05],
			"to": [14, 9, 9.925],
			"rotation": {"angle": -45, "axis": "z", "origin": [10, 4.5, 8]},
			"faces": {
				"north": {"uv": [0, 0, 4, 9], "texture": "#0"},
				"east": {"uv": [0, 0, 3.875, 9], "texture": "#0"},
				"south": {"uv": [0, 0, 4, 9], "texture": "#0"},
				"west": {"uv": [0, 0, 3.875, 9], "texture": "#0"},
				"up": {"uv": [0, 0, 4, 3.875], "texture": "#0"},
				"down": {"uv": [0, 0, 4, 3.875], "texture": "#0"}
			}
		},
		{
			"from": [2, 0, 6.05],
			"to": [6, 9, 9.925],
			"rotation": {"angle": 45, "axis": "z", "origin": [6, 4.5, 8]},
			"faces": {
				"north": {"uv": [0, 0, 4, 9], "texture": "#0"},
				"east": {"uv": [0, 0, 3.875, 9], "texture": "#0"},
				"south": {"uv": [0, 0, 4, 9], "texture": "#0"},
				"west": {"uv": [0, 0, 3.875, 9], "texture": "#0"},
				"up": {"uv": [0, 0, 4, 3.875], "texture": "#0"},
				"down": {"uv": [0, 0, 4, 3.875], "texture": "#0"}
			}
		}
	]
}