{
	"credit": "Made with Blockbench",
	"ambientocclusion": false,
	"textures": {
		"0": "block/birch_leaves",
		"particle": "block/birch_leaves"
	},
	"elements": [
		{
			"from": [7.2, 9.37624, -8.44592],
			"to": [25.2, 9.37624, 9.55408],
			"rotation": {"angle": -22.5, "axis": "x", "origin": [8.21159, 5.81487, 8.49334]},
			"faces": {
				"north": {"uv": [0, 0, 16, 0], "rotation": 180, "texture": "#0", "tintindex": 0},
				"east": {"uv": [0, 0, 16, 0], "rotation": 180, "texture": "#0", "tintindex": 0},
				"south": {"uv": [0, 0, 16, 0], "rotation": 180, "texture": "#0", "tintindex": 0},
				"west": {"uv": [0, 0, 16, 0], "rotation": 180, "texture": "#0", "tintindex": 0},
				"up": {"uv": [0, 0, 16, 16], "texture": "#0", "tintindex": 0},
				"down": {"uv": [16, 0, 0, 15.95313], "rotation": 180, "texture": "#0", "tintindex": 0}
			}
		},
		{
			"from": [6.41164, 2.19865, 5.20973],
			"to": [6.41164, 20.19865, 23.20973],
			"rotation": {"angle": 45, "axis": "z", "origin": [6.41164, 11.19865, 14.20973]},
			"faces": {
				"north": {"uv": [0, 16, 16, 0], "rotation": 270, "texture": "#0", "tintindex": 0},
				"east": {"uv": [0, 0, 16, 15.8125], "texture": "#0", "tintindex": 0},
				"south": {"uv": [0, 16, 16, 0], "rotation": 90, "texture": "#0", "tintindex": 0},
				"west": {"uv": [0, 0, 16, 16], "texture": "#0", "tintindex": 0},
				"up": {"uv": [0, 15.95313, 16, 0], "rotation": 90, "texture": "#0", "tintindex": 0},
				"down": {"uv": [0, 16, 16, 0], "rotation": 90, "texture": "#0", "tintindex": 0}
			}
		},
		{
			"from": [7.21957, 16.35521, 6.51091],
			"to": [25.21957, 16.35521, 24.51091],
			"rotation": {"angle": -45, "axis": "z", "origin": [6.43659, 9.91487, 8.49334]},
			"faces": {
				"north": {"uv": [0, 0, 16, 0], "rotation": 180, "texture": "#0", "tintindex": 0},
				"east": {"uv": [0, 0, 16, 0], "rotation": 180, "texture": "#0", "tintindex": 0},
				"south": {"uv": [0, 0, 16, 0], "rotation": 180, "texture": "#0", "tintindex": 0},
				"west": {"uv": [0, 0, 16, 0], "rotation": 180, "texture": "#0", "tintindex": 0},
				"up": {"uv": [0, 0, 15.95313, 16], "rotation": 90, "texture": "#0", "tintindex": 0},
				"down": {"uv": [0, 0, 16, 16], "texture": "#0", "tintindex": 0}
			}
		},
		{
			"from": [1.0217, 14.5327, -0.58909],
			"to": [19.0217, 14.5327, 17.41091],
			"rotation": {"angle": -22.5, "axis": "z", "origin": [7.58659, 8.23987, 8.49334]},
			"faces": {
				"north": {"uv": [0, 0, 16, 0], "rotation": 180, "texture": "#0", "tintindex": 0},
				"east": {"uv": [0, 0, 16, 0], "rotation": 180, "texture": "#0", "tintindex": 0},
				"south": {"uv": [0, 0, 16, 0], "rotation": 180, "texture": "#0", "tintindex": 0},
				"west": {"uv": [0, 0, 16, 0], "rotation": 180, "texture": "#0", "tintindex": 0},
				"up": {"uv": [0, 0, 16, 16], "rotation": 180, "texture": "#0", "tintindex": 0},
				"down": {"uv": [0, 0, 16, 16], "texture": "#0", "tintindex": 0}
			}
		},
		{
			"from": [-4.8783, 10.4327, -4.66409],
			"to": [13.1217, 10.4327, 13.33591],
			"rotation": {"angle": 45, "axis": "z", "origin": [7.68659, 4.13987, 8.41834]},
			"faces": {
				"north": {"uv": [0, 0, 16, 0], "rotation": 180, "texture": "#0", "tintindex": 0},
				"east": {"uv": [0, 0, 16, 0], "rotation": 180, "texture": "#0", "tintindex": 0},
				"south": {"uv": [0, 0, 16, 0], "rotation": 180, "texture": "#0", "tintindex": 0},
				"west": {"uv": [0, 0, 16, 0], "rotation": 180, "texture": "#0", "tintindex": 0},
				"up": {"uv": [0, 0, 16, 16], "rotation": 180, "texture": "#0", "tintindex": 0},
				"down": {"uv": [0, 0, 16, 15.95313], "rotation": 180, "texture": "#0", "tintindex": 0}
			}
		},
		{
			"from": [0.09087, -2.47952, -1.92288],
			"to": [0.09087, 15.52048, 16.07712],
			"rotation": {"angle": 45, "axis": "y", "origin": [10.06159, 8.63987, 8.49334]},
			"faces": {
				"north": {"uv": [0, 0, 16, 0], "rotation": 270, "texture": "#0", "tintindex": 0},
				"east": {"uv": [0, 0, 16, 15.96094], "rotation": 180, "texture": "#0", "tintindex": 0},
				"south": {"uv": [0, 0, 16, 0], "rotation": 90, "texture": "#0", "tintindex": 0},
				"west": {"uv": [0, 0, 15.95313, 16], "rotation": 180, "texture": "#0", "tintindex": 0},
				"up": {"uv": [0, 0, 16, 0], "rotation": 90, "texture": "#0", "tintindex": 0},
				"down": {"uv": [0, 0, 16, 0], "rotation": 90, "texture": "#0", "tintindex": 0}
			}
		},
		{
			"from": [19.41587, -3.45452, -11.79788],
			"to": [19.41587, 14.54548, 6.20212],
			"rotation": {"angle": 22.5, "axis": "y", "origin": [25.38659, 7.66487, 4.61834]},
			"faces": {
				"north": {"uv": [0, 16, 15.90625, 0], "rotation": 180, "texture": "#0", "tintindex": 0},
				"east": {"uv": [0, 16, 15.90625, 0], "rotation": 180, "texture": "#0", "tintindex": 0},
				"south": {"uv": [0, 16, 15.90625, 0], "rotation": 180, "texture": "#0", "tintindex": 0},
				"west": {"uv": [16, 0, 0, 15.90625], "rotation": 270, "texture": "#0", "tintindex": 0},
				"up": {"uv": [0, 16, 15.90625, 0], "rotation": 180, "texture": "#0", "tintindex": 0},
				"down": {"uv": [0, 16, 15.90625, 0], "rotation": 180, "texture": "#0", "tintindex": 0}
			}
		},
		{
			"from": [-1.95, -1.74896, 4.28263],
			"to": [16.05, 16.25104, 4.28263],
			"rotation": {"angle": 22.5, "axis": "x", "origin": [3.76159, 15.28987, 10.39334]},
			"faces": {
				"north": {"uv": [0, 0, 16, 15.73437], "texture": "#0", "tintindex": 0},
				"east": {"uv": [0, 0, 16, 0], "rotation": 270, "texture": "#0", "tintindex": 0},
				"south": {"uv": [0, 0, 16, 15.95313], "rotation": 180, "texture": "#0", "tintindex": 0},
				"west": {"uv": [0, 0, 16, 0], "rotation": 90, "texture": "#0", "tintindex": 0},
				"up": {"uv": [0, 0, 16, 0], "rotation": 180, "texture": "#0", "tintindex": 0},
				"down": {"uv": [0, 0, 16, 0], "texture": "#0", "tintindex": 0}
			}
		},
		{
			"from": [15.66481, -9.81918, 2],
			"to": [15.66481, 8.18082, 20],
			"rotation": {"angle": 22.5, "axis": "z", "origin": [8.91159, 8.41487, 8.49334]},
			"faces": {
				"north": {"uv": [0, 0, 16, 0], "rotation": 270, "texture": "#0", "tintindex": 0},
				"east": {"uv": [0, 0, 16, 16], "rotation": 90, "texture": "#0", "tintindex": 0},
				"south": {"uv": [0, 0, 16, 0], "rotation": 90, "texture": "#0", "tintindex": 0},
				"west": {"uv": [0, 0, 16, 15.95313], "rotation": 90, "texture": "#0", "tintindex": 0},
				"up": {"uv": [0, 0, 16, 0], "rotation": 90, "texture": "#0", "tintindex": 0},
				"down": {"uv": [0, 0, 16, 0], "rotation": 90, "texture": "#0", "tintindex": 0}
			}
		},
		{
			"from": [-2.71336, -6.50135, 10.15973],
			"to": [15.28664, 11.49865, 10.15973],
			"rotation": {"angle": -22.5, "axis": "x", "origin": [6.28664, 2.49865, 10.15973]},
			"faces": {
				"north": {"uv": [0, 0, 16, 16], "rotation": 180, "texture": "#0", "tintindex": 0},
				"east": {"uv": [0, 0, 16, 0], "rotation": 90, "texture": "#0", "tintindex": 0},
				"south": {"uv": [0, 0, 16, 15.91406], "rotation": 180, "texture": "#0", "tintindex": 0},
				"west": {"uv": [0, 0, 16, 0], "rotation": 270, "texture": "#0", "tintindex": 0},
				"up": {"uv": [0, 0, 16, 0], "texture": "#0", "tintindex": 0},
				"down": {"uv": [0, 0, 16, 0], "rotation": 180, "texture": "#0", "tintindex": 0}
			}
		},
		{
			"from": [13.28664, -6.10135, 1.15973],
			"to": [13.28664, 11.89865, 19.15973],
			"rotation": {"angle": 45, "axis": "y", "origin": [18.28664, 2.89865, 10.15973]},
			"faces": {
				"north": {"uv": [0, 0, 16, 0], "rotation": 90, "texture": "#0", "tintindex": 0},
				"east": {"uv": [0, 0, 16, 15.91406], "rotation": 90, "texture": "#0", "tintindex": 0},
				"south": {"uv": [0, 0, 16, 0], "rotation": 270, "texture": "#0", "tintindex": 0},
				"west": {"uv": [0, 0, 16, 15.91406], "rotation": 90, "texture": "#0", "tintindex": 0},
				"up": {"uv": [0, 0, 16, 0], "rotation": 270, "texture": "#0", "tintindex": 0},
				"down": {"uv": [0, 0, 16, 0], "rotation": 270, "texture": "#0", "tintindex": 0}
			}
		},
		{
			"from": [4.28664, -3.17635, 10.15973],
			"to": [22.28664, 14.82365, 10.15973],
			"rotation": {"angle": 45, "axis": "y", "origin": [18.28664, 5.82365, 10.15973]},
			"faces": {
				"north": {"uv": [0, 0, 16, 15.95313], "rotation": 180, "texture": "#0", "tintindex": 0},
				"east": {"uv": [0, 0, 16, 0], "rotation": 90, "texture": "#0", "tintindex": 0},
				"south": {"uv": [0, 0, 16, 16], "texture": "#0", "tintindex": 0},
				"west": {"uv": [0, 0, 16, 0], "rotation": 270, "texture": "#0", "tintindex": 0},
				"up": {"uv": [0, 0, 16, 0], "texture": "#0", "tintindex": 0},
				"down": {"uv": [0, 0, 16, 0], "rotation": 180, "texture": "#0", "tintindex": 0}
			}
		},
		{
			"from": [7.2, 9.02624, -4.27092],
			"to": [25.2, 9.02624, 13.72908],
			"rotation": {"angle": 22.5, "axis": "z", "origin": [8.21159, 5.46487, 12.66834]},
			"faces": {
				"north": {"uv": [0, 0, 16, 0], "rotation": 180, "texture": "#0", "tintindex": 0},
				"east": {"uv": [0, 0, 16, 0], "rotation": 180, "texture": "#0", "tintindex": 0},
				"south": {"uv": [0, 0, 16, 0], "rotation": 180, "texture": "#0", "tintindex": 0},
				"west": {"uv": [0, 0, 16, 0], "rotation": 180, "texture": "#0", "tintindex": 0},
				"up": {"uv": [0, 0, 16, 16], "texture": "#0", "tintindex": 0},
				"down": {"uv": [0, 0, 16, 15.95313], "texture": "#0", "tintindex": 0}
			}
		}
	],
	"display": {
		"thirdperson_righthand": {
			"translation": [0, 2.25, 0],
			"scale": [0.5, 0.5, 0.5]
		},
		"ground": {
			"scale": [0.5, 0.5, 0.5]
		}
	},
	"groups": [
		{
			"name": "group",
			"origin": [8.21159, -0.66013, 8.49334],
			"color": 0,
			"children": [0, 1, 2, 3, 4, 5, 6, 7, 8, 9, 10, 11, 12]
		}
	]
}