{
	"credit": "Made with Blockbench",
	"textures": {
		"particle": "block/brewing_stand",
		"stand": "block/brewing_stand"
	},
	"elements": [
		{
			"from": [-0.41, 0, 8],
			"to": [7.59, 16, 8],
			"rotation": {"angle": -45, "axis": "y", "origin": [8, 8, 8]},
			"faces": {
				"north": {"uv": [8, 0, 0, 16], "texture": "#stand"},
				"south": {"uv": [0, 0, 8, 16], "texture": "#stand"}
			}
		}
	],
	"groups": [
		{
			"name": "brewing_stand_bottle1",
			"origin": [8, 8, 8],
			"color": 0,
			"children": [0]
		}
	]
}