{
    "textures": {
        "particle": "#texture"
    },
    "elements": [
        {   "from": [ 5, 0, 6 ],
            "to": [ 11, 2, 10 ],
            "faces": {
                "down":  { "uv": [ 5,  6, 11, 10 ], "texture": "#texture", "cullface": "down", "tintindex": 0   },
                "up":    { "uv": [ 5,  6, 11, 10 ], "texture": "#texture", "tintindex": 0   },
                "north": { "uv": [ 5, 14, 11, 16 ], "texture": "#texture", "tintindex": 0   },
                "south": { "uv": [ 5, 14, 11, 16 ], "texture": "#texture", "tintindex": 0   },
                "west":  { "uv": [ 6, 14, 10, 16 ], "texture": "#texture", "tintindex": 0   },
                "east":  { "uv": [ 6, 14, 10, 16 ], "texture": "#texture", "tintindex": 0   }
            }
        }
    ]
}
