{
	"credit": "Made with Blockbench",
	"parent": "block/block",
	"textures": {
		"particle": "block/cactus_top",
		"top": "block/cactus_top",
		"side": "block/cactus_side"
	},
	"elements": [
		{
			"from": [1.55, -5.85, 0.825],
			"to": [7.55, 10.15, 6.825],
			"faces": {
				"north": {"uv": [1, 0, 15, 16], "texture": "#side"},
				"east": {"uv": [1, 0, 15, 16], "texture": "#side"},
				"south": {"uv": [1, 0, 15, 16], "texture": "#side"},
				"west": {"uv": [1, 0, 15, 16], "texture": "#side"},
				"up": {"uv": [0, 0, 16, 16], "texture": "#top", "cullface": "up"},
				"down": {"uv": [0, 0, 14, 14], "texture": "#missing", "cullface": "down"}
			}
		},
		{
			"from": [6.75, -1.55, 9.05],
			"to": [12.75, 14.45, 15.05],
			"faces": {
				"north": {"uv": [1, 0, 15, 16], "texture": "#side"},
				"east": {"uv": [1, 0, 15, 16], "texture": "#side"},
				"south": {"uv": [1, 0, 15, 16], "texture": "#side"},
				"west": {"uv": [1, 0, 15, 16], "texture": "#side"},
				"up": {"uv": [0, 0, 16, 16], "texture": "#top", "cullface": "up"},
				"down": {"uv": [0, 0, 14, 14], "texture": "#missing", "cullface": "down"}
			}
		}
	]
}