{
	"credit": "Made with Blockbench",
	"parent": "block/thin_block",
	"textures": {
		"particle": "#wool"
	},
	"elements": [
		{
			"from": [0, 0, 0],
			"to": [16, 1, 16],
			"faces": {
				"north": {"uv": [0, 15, 16, 16], "texture": "#wool", "cullface": "north", "tintindex": 0},
				"east": {"uv": [0, 15, 16, 16], "texture": "#wool", "cullface": "east", "tintindex": 0},
				"south": {"uv": [0, 15, 16, 16], "texture": "#wool", "cullface": "south", "tintindex": 0},
				"west": {"uv": [0, 15, 16, 16], "texture": "#wool", "cullface": "west", "tintindex": 0},
				"up": {"uv": [0, 0, 16, 16], "texture": "#wool", "tintindex": 0},
				"down": {"uv": [0, 0, 16, 16], "texture": "#wool", "cullface": "down", "tintindex": 0}
			}
		}
	]
}