{
	"credit": "Made with Blockbench",
	"ambientocclusion": false,
	"textures": {
		"particle": "block/wheat",
		"crop": "block/wheat"
	},
	"elements": [
		{
			"from": [12, -1, -1],
			"to": [12, 15, 17],
			"shade": false,
			"faces": {
				"east": {"uv": [0, 0, 16, 16], "texture": "#crop"},
				"west": {"uv": [16, 0, 0, 16], "texture": "#crop"}
			}
		},
		{
			"from": [4, -1, -1],
			"to": [4, 15, 17],
			"shade": false,
			"faces": {
				"east": {"uv": [16, 0, 0, 16], "texture": "#crop"},
				"west": {"uv": [0, 0, 16, 16], "texture": "#crop"}
			}
		},
		{
			"from": [-1, -1, 12],
			"to": [17, 15, 12],
			"shade": false,
			"faces": {
				"north": {"uv": [16, 0, 0, 16], "texture": "#crop"},
				"south": {"uv": [0, 0, 16, 16], "texture": "#crop"}
			}
		},
		{
			"from": [-1, -1, 4],
			"to": [17, 15, 4],
			"shade": false,
			"faces": {
				"north": {"uv": [0, 0, 16, 16], "texture": "#crop"},
				"south": {"uv": [16, 0, 0, 16], "texture": "#crop"}
			}
		},
		{
			"from": [-1, -1, 4],
			"to": [17, 15, 4],
			"shade": false,
			"faces": {
				"north": {"uv": [0, 0, 16, 16], "texture": "#crop"},
				"south": {"uv": [16, 0, 0, 16], "texture": "#crop"}
			}
		},
		{
			"from": [1, -1, 7],
			"to": [19, 15, 7],
			"shade": false,
			"rotation": {"angle": 0, "axis": "y", "origin": [10, 7, 7]},
			"faces": {
				"north": {"uv": [0, 0, 16, 16], "texture": "#crop"},
				"south": {"uv": [16, 0, 0, 16], "texture": "#crop"}
			}
		},
		{
			"from": [1, -1, 7],
			"to": [19, 15, 7],
			"shade": false,
			"rotation": {"angle": 22.5, "axis": "y", "origin": [10, 7, 7]},
			"faces": {
				"north": {"uv": [0, 0, 16, 16], "texture": "#crop"},
				"south": {"uv": [16, 0, 0, 16], "texture": "#crop"}
			}
		},
		{
			"from": [10, -1, -2],
			"to": [10, 15, 16],
			"shade": false,
			"rotation": {"angle": 22.5, "axis": "y", "origin": [10, 7, 7]},
			"faces": {
				"east": {"uv": [16, 0, 0, 16], "texture": "#crop"},
				"west": {"uv": [0, 0, 16, 16], "texture": "#crop"}
			}
		},
		{
			"from": [10, -1, -2],
			"to": [10, 15, 16],
			"shade": false,
			"rotation": {"angle": 45, "axis": "y", "origin": [10, 7, 7]},
			"faces": {
				"east": {"uv": [16, 0, 0, 16], "texture": "#crop"},
				"west": {"uv": [0, 0, 16, 16], "texture": "#crop"}
			}
		},
		{
			"from": [10, -1, -2],
			"to": [10, 15, 16],
			"shade": false,
			"rotation": {"angle": 45, "axis": "y", "origin": [10, 7, 7]},
			"faces": {
				"east": {"uv": [16, 0, 0, 16], "texture": "#crop"},
				"west": {"uv": [0, 0, 16, 16], "texture": "#crop"}
			}
		},
		{
			"from": [-1, -1, 10],
			"to": [17, 15, 10],
			"shade": false,
			"rotation": {"angle": 0, "axis": "y", "origin": [8, 7, 10]},
			"faces": {
				"north": {"uv": [0, 0, 16, 16], "texture": "#crop"},
				"south": {"uv": [16, 0, 0, 16], "texture": "#crop"}
			}
		},
		{
			"from": [-1, -1, 10],
			"to": [17, 15, 10],
			"shade": false,
			"rotation": {"angle": -22.5, "axis": "y", "origin": [8, 7, 10]},
			"faces": {
				"north": {"uv": [0, 0, 16, 16], "texture": "#crop"},
				"south": {"uv": [16, 0, 0, 16], "texture": "#crop"}
			}
		},
		{
			"from": [8, -1, 1],
			"to": [8, 15, 19],
			"shade": false,
			"rotation": {"angle": -22.5, "axis": "y", "origin": [8, 7, 10]},
			"faces": {
				"east": {"uv": [0, 0, 16, 16], "texture": "#crop"},
				"west": {"uv": [16, 0, 0, 16], "texture": "#crop"}
			}
		},
		{
			"from": [8, -1, 1],
			"to": [8, 15, 19],
			"shade": false,
			"rotation": {"angle": -22.5, "axis": "y", "origin": [8, 7, 10]},
			"faces": {
				"east": {"uv": [0, 0, 16, 16], "texture": "#crop"},
				"west": {"uv": [16, 0, 0, 16], "texture": "#crop"}
			}
		},
		{
			"from": [8, -1, -4],
			"to": [8, 15, 14],
			"shade": false,
			"rotation": {"angle": 45, "axis": "y", "origin": [8, 7, 10]},
			"faces": {
				"east": {"uv": [0, 0, 16, 16], "texture": "#crop"},
				"west": {"uv": [16, 0, 0, 16], "texture": "#crop"}
			}
		},
		{
			"from": [6.08658, -1, -3.6194],
			"to": [6.08658, 15, 14.3806],
			"shade": false,
			"rotation": {"angle": 22.5, "axis": "y", "origin": [6.08658, 7, 5.3806]},
			"faces": {
				"east": {"uv": [0, 0, 16, 16], "texture": "#crop"},
				"west": {"uv": [16, 0, 0, 16], "texture": "#crop"}
			}
		}
	],
	"groups": [
		{
			"name": "group",
			"origin": [6.08658, 7, 5.3806],
			"color": 0,
			"children": [0, 1, 2, 3, 4, 5, 6, 7, 8, 9, 10, 11, 12, 13, 14, 15]
		}
	]
}