{
	"credit": "Made with Blockbench",
	"parent": "block/block",
	"texture_size": [44, 44],
	"textures": {
		"0": "block/damaged_anvil",
		"particle": "block/damaged_anvil"
	},
	"elements": [
		{
			"name": "Anvil base",
			"from": [2, 0, 2],
			"to": [14, 4, 14],
			"faces": {
				"north": {"uv": [3.63636, 10.18182, 8, 11.63636], "texture": "#0"},
				"east": {"uv": [8, 10.18182, 12.36364, 11.63636], "texture": "#0"},
				"south": {"uv": [3.63636, 11.63636, 8, 13.09091], "texture": "#0"},
				"west": {"uv": [11.63636, 4.36364, 16, 5.81818], "texture": "#0"},
				"up": {"uv": [4.36364, 10.18182, 0, 5.81818], "texture": "#0"},
				"down": {"uv": [8.72727, 5.81818, 4.36364, 10.18182], "texture": "#0", "cullface": "down"}
			}
		},
		{
			"name": "Lower narrow portion",
			"from": [4, 4, 3],
			"to": [12, 5, 13],
			"faces": {
				"north": {"uv": [12.36364, 8.36364, 15.27273, 8.72727], "texture": "#0"},
				"east": {"uv": [11.63636, 7.63636, 15.27273, 8], "texture": "#0"},
				"south": {"uv": [12.36364, 8.72727, 15.27273, 9.09091], "texture": "#0"},
				"west": {"uv": [12.36364, 8, 16, 8.36364], "texture": "#0"},
				"up": {"uv": [11.63636, 8, 8.72727, 4.36364], "texture": "#0"}
			}
		},
		{
			"name": "Wider section beneath top portion",
			"from": [6, 5, 4],
			"to": [10, 10, 12],
			"faces": {
				"north": {"uv": [10.90909, 11.63636, 12.36364, 13.45455], "texture": "#0"},
				"east": {"uv": [11.63636, 5.81818, 14.54545, 7.63636], "texture": "#0"},
				"south": {"uv": [0, 12.36364, 1.45455, 14.18182], "texture": "#0"},
				"west": {"uv": [8, 11.63636, 10.90909, 13.45455], "texture": "#0"}
			}
		},
		{
			"name": "Anvil top",
			"from": [3, 10, 0],
			"to": [13, 16, 16],
			"faces": {
				"north": {"uv": [8.72727, 8, 12.36364, 10.18182], "texture": "#0"},
				"east": {"uv": [7.27273, 0, 13.09091, 2.18182], "texture": "#0"},
				"south": {"uv": [0, 10.18182, 3.63636, 12.36364], "texture": "#0"},
				"west": {"uv": [7.27273, 2.18182, 13.09091, 4.36364], "texture": "#0"},
				"up": {"uv": [3.63636, 5.81818, 0, 0], "texture": "#0"},
				"down": {"uv": [7.27273, 0, 3.63636, 5.81818], "texture": "#0"}
			}
		}
	],
	"display": {
		"fixed": {
			"rotation": [0, 90, 0],
			"scale": [0.5, 0.5, 0.5]
		}
	}
}