{
	"credit": "Made with Blockbench",
	"parent": "block/block",
	"textures": {
		"top": "block/dirt_path_side",
		"side": "block/dirt_path_top",
		"particle": "block/dirt",
		"bottom": "block/dirt"
	},
	"elements": [
		{
			"from": [0, 0, 0],
			"to": [16, 15, 16],
			"faces": {
				"north": {"uv": [0, 1, 16, 16], "texture": "#bottom", "cullface": "north"},
				"east": {"uv": [0, 1, 16, 16], "texture": "#bottom", "cullface": "east"},
				"south": {"uv": [0, 1, 16, 16], "texture": "#bottom", "cullface": "south"},
				"west": {"uv": [0, 1, 16, 16], "texture": "#bottom", "cullface": "west"},
				"up": {"uv": [0, 0, 16, 16], "texture": "#side"},
				"down": {"uv": [0, 0, 16, 16], "texture": "#bottom", "cullface": "down"}
			}
		},
		{
			"from": [-0.01, 0, 0],
			"to": [-0.01, 15, 16],
			"faces": {
				"north": {"uv": [0, 1, 16, 16], "texture": "#bottom", "cullface": "north"},
				"east": {"uv": [0, 1, 16, 16], "texture": "#bottom", "cullface": "east"},
				"south": {"uv": [0, 1, 16, 16], "texture": "#bottom", "cullface": "south"},
				"west": {"uv": [0, 1, 16, 16], "texture": "#top", "cullface": "west"},
				"up": {"uv": [0, 0, 16, 16], "texture": "#bottom"},
				"down": {"uv": [0, 0, 16, 16], "texture": "#bottom", "cullface": "down"}
			}
		},
		{
			"from": [16.01, 0, 0],
			"to": [16.01, 15, 16],
			"faces": {
				"north": {"uv": [0, 1, 16, 16], "texture": "#bottom", "cullface": "north"},
				"east": {"uv": [0, 1, 16, 16], "texture": "#top", "cullface": "east"},
				"south": {"uv": [0, 1, 16, 16], "texture": "#bottom", "cullface": "south"},
				"west": {"uv": [0, 1, 16, 16], "texture": "#side", "cullface": "west"},
				"up": {"uv": [0, 0, 16, 16], "texture": "#bottom"},
				"down": {"uv": [0, 0, 16, 16], "texture": "#bottom", "cullface": "down"}
			}
		},
		{
			"from": [0, 0, -0.01],
			"to": [16, 15, -0.01],
			"rotation": {"angle": 0, "axis": "y", "origin": [16, 7.5, 0]},
			"faces": {
				"north": {"uv": [0, 1, 16, 16], "texture": "#top", "cullface": "east"},
				"east": {"uv": [0, 1, 16, 16], "texture": "#bottom", "cullface": "south"},
				"south": {"uv": [0, 1, 16, 16], "texture": "#side", "cullface": "west"},
				"west": {"uv": [0, 1, 16, 16], "texture": "#bottom", "cullface": "north"},
				"up": {"uv": [0, 0, 16, 16], "rotation": 270, "texture": "#bottom"},
				"down": {"uv": [0, 0, 16, 16], "rotation": 90, "texture": "#bottom", "cullface": "down"}
			}
		},
		{
			"from": [0, 0, 16.01],
			"to": [16, 15, 16.01],
			"rotation": {"angle": 0, "axis": "y", "origin": [16, 7.5, 0]},
			"faces": {
				"north": {"uv": [0, 1, 16, 16], "texture": "#side", "cullface": "east"},
				"east": {"uv": [0, 1, 16, 16], "texture": "#bottom", "cullface": "south"},
				"south": {"uv": [0, 1, 16, 16], "texture": "#top", "cullface": "west"},
				"west": {"uv": [0, 1, 16, 16], "texture": "#bottom", "cullface": "north"},
				"up": {"uv": [0, 0, 16, 16], "rotation": 270, "texture": "#bottom"},
				"down": {"uv": [0, 0, 16, 16], "rotation": 90, "texture": "#bottom", "cullface": "down"}
			}
		}
	]
}