{
	"credit": "Made with Blockbench",
	"parent": "block/block",
	"ambientocclusion": false,
	"textures": {
		"5": "block/grass_plant1",
		"bottom": "block/dirt",
		"top": "block/grass_block_top",
		"side": "block/dirt",
		"overlay": "block/grass_block_side_overlay",
		"particle": "block/grass"
	},
	"elements": [
		{
			"from": [0, 0, 0],
			"to": [16, 16, 16],
			"faces": {
				"north": {"uv": [0, 0, 16, 16], "texture": "#side", "cullface": "north"},
				"east": {"uv": [0, 0, 16, 16], "texture": "#side", "cullface": "east"},
				"south": {"uv": [0, 0, 16, 16], "texture": "#side", "cullface": "south"},
				"west": {"uv": [0, 0, 16, 16], "texture": "#side", "cullface": "west"},
				"up": {"uv": [0, 0, 16, 16], "texture": "#top", "cullface": "up", "tintindex": 0},
				"down": {"uv": [0, 0, 16, 16], "texture": "#bottom", "cullface": "down"}
			}
		},
		{
			"from": [0, 0, 0],
			"to": [16, 16, 16],
			"faces": {
				"north": {"uv": [0, 0, 16, 16], "texture": "#overlay", "cullface": "north", "tintindex": 0},
				"east": {"uv": [0, 0, 16, 16], "texture": "#overlay", "cullface": "east", "tintindex": 0},
				"south": {"uv": [0, 0, 16, 16], "texture": "#overlay", "cullface": "south", "tintindex": 0},
				"west": {"uv": [0, 0, 16, 16], "texture": "#overlay", "cullface": "west", "tintindex": 0}
			}
		},
		{
			"from": [5, 15, 1],
			"to": [5, 20, 9],
			"faces": {
				"north": {"uv": [0, 0, 0, 4], "texture": "#missing"},
				"east": {"uv": [1.79688, 9.30469, 14.875, 15.91406], "texture": "#5"},
				"south": {"uv": [0, 0, 0, 4], "texture": "#missing"},
				"west": {"uv": [1.84375, 9.39063, 14.92188, 16], "texture": "#5"},
				"up": {"uv": [0, 0, 0, 8], "texture": "#missing"},
				"down": {"uv": [0, 0, 0, 8], "texture": "#missing"}
			}
		},
		{
			"from": [5, 15, 1],
			"to": [5, 20, 9],
			"rotation": {"angle": 45, "axis": "y", "origin": [5, 17.5, 5]},
			"faces": {
				"north": {"uv": [0, 0, 0, 4], "texture": "#missing"},
				"east": {"uv": [1.79688, 9.30469, 14.875, 15.91406], "texture": "#5"},
				"south": {"uv": [0, 0, 0, 4], "texture": "#missing"},
				"west": {"uv": [1.84375, 9.39063, 14.92188, 16], "texture": "#5"},
				"up": {"uv": [0, 0, 0, 8], "texture": "#missing"},
				"down": {"uv": [0, 0, 0, 8], "texture": "#missing"}
			}
		},
		{
			"from": [6.29356, 15, 13.51856],
			"to": [14.29356, 20, 13.51856],
			"rotation": {"angle": -22.5, "axis": "y", "origin": [12.31856, 17.5, 12.31856]},
			"faces": {
				"north": {"uv": [1.79688, 9.30469, 14.875, 15.91406], "texture": "#5"},
				"east": {"uv": [0, 0, 0, 4], "texture": "#missing"},
				"south": {"uv": [1.84375, 9.39063, 14.92188, 16], "texture": "#5"},
				"west": {"uv": [0, 0, 0, 4], "texture": "#missing"},
				"up": {"uv": [0, 0, 0, 8], "rotation": 270, "texture": "#missing"},
				"down": {"uv": [0, 0, 0, 8], "rotation": 90, "texture": "#missing"}
			}
		},
		{
			"from": [7, 15, 7.225],
			"to": [16, 20, 7.225],
			"rotation": {"angle": 0, "axis": "y", "origin": [5, 17.5, 5]},
			"faces": {
				"north": {"uv": [1.79688, 9.30469, 14.875, 15.91406], "texture": "#5"},
				"east": {"uv": [0, 0, 0, 4], "texture": "#missing"},
				"south": {"uv": [1.84375, 9.39063, 14.92188, 16], "texture": "#5"},
				"west": {"uv": [0, 0, 0, 4], "texture": "#missing"},
				"up": {"uv": [0, 0, 0, 8], "rotation": 270, "texture": "#missing"},
				"down": {"uv": [0, 0, 0, 8], "rotation": 90, "texture": "#missing"}
			}
		},
		{
			"from": [4.38909, 15, 11.3033],
			"to": [13.38909, 20, 11.3033],
			"rotation": {"angle": 0, "axis": "y", "origin": [8.88909, 17.5, 10.3033]},
			"faces": {
				"north": {"uv": [1.79688, 9.30469, 14.875, 15.91406], "texture": "#5"},
				"east": {"uv": [0, 0, 0, 4], "texture": "#missing"},
				"south": {"uv": [1.84375, 9.39063, 14.92188, 16], "texture": "#5"},
				"west": {"uv": [0, 0, 0, 4], "texture": "#missing"},
				"up": {"uv": [0, 0, 0, 8], "rotation": 270, "texture": "#missing"},
				"down": {"uv": [0, 0, 0, 8], "rotation": 90, "texture": "#missing"}
			}
		},
		{
			"from": [4, 14.325, 2],
			"to": [13, 19.325, 2],
			"rotation": {"angle": -22.5, "axis": "y", "origin": [5, 17.5, 5]},
			"faces": {
				"north": {"uv": [1.79688, 9.30469, 14.875, 15.91406], "texture": "#5"},
				"east": {"uv": [0, 0, 0, 4], "texture": "#missing"},
				"south": {"uv": [1.84375, 9.39063, 14.92188, 16], "texture": "#5"},
				"west": {"uv": [0, 0, 0, 4], "texture": "#missing"},
				"up": {"uv": [0, 0, 0, 8], "rotation": 270, "texture": "#missing"},
				"down": {"uv": [0, 0, 0, 8], "rotation": 90, "texture": "#missing"}
			}
		},
		{
			"from": [0.10089, 14.325, 5.81327],
			"to": [9.10089, 19.325, 5.81327],
			"rotation": {"angle": 22.5, "axis": "y", "origin": [7.85089, 16.825, 7.26327]},
			"faces": {
				"north": {"uv": [1.79688, 9.30469, 14.875, 15.91406], "texture": "#5"},
				"east": {"uv": [0, 0, 0, 4], "texture": "#missing"},
				"south": {"uv": [1.84375, 9.39063, 14.92188, 16], "texture": "#5"},
				"west": {"uv": [0, 0, 0, 4], "texture": "#missing"},
				"up": {"uv": [0, 0, 0, 8], "rotation": 270, "texture": "#missing"},
				"down": {"uv": [0, 0, 0, 8], "rotation": 90, "texture": "#missing"}
			}
		},
		{
			"from": [-1.07216, 15.625, 10.18491],
			"to": [9.92784, 19.625, 10.18491],
			"rotation": {"angle": 45, "axis": "y", "origin": [6.70284, 15.825, 10.03491]},
			"faces": {
				"north": {"uv": [1.79688, 9.30469, 14.875, 15.91406], "texture": "#5"},
				"east": {"uv": [0, 0, 0, 4], "texture": "#missing"},
				"south": {"uv": [1.84375, 9.39063, 14.92188, 16], "texture": "#5"},
				"west": {"uv": [0, 0, 0, 4], "texture": "#missing"},
				"up": {"uv": [0, 0, 0, 8], "rotation": 270, "texture": "#missing"},
				"down": {"uv": [0, 0, 0, 8], "rotation": 90, "texture": "#missing"}
			}
		}
	]
}