{
	"credit": "Made with Blockbench",
	"texture_size": [2048, 2048],
	"textures": {
		"0": "block/yellow_wool",
		"particle": "block/yellow_wool"
	},
	"elements": [
		{
			"from": [0, 0, 0],
			"to": [16, 16, 16],
			"faces": {
				"north": {"uv": [0.00391, 0.00391, 0.00781, 0.00781], "texture": "#0"},
				"east": {"uv": [0, 0.00391, 0.00391, 0.00781], "texture": "#0"},
				"south": {"uv": [0.01172, 0.00391, 0.01563, 0.00781], "texture": "#0"},
				"west": {"uv": [0.00781, 0.00391, 0.01172, 0.00781], "texture": "#0"},
				"up": {"uv": [0.00781, 0.00391, 0.00391, 0], "texture": "#0"},
				"down": {"uv": [0.01172, 0, 0.00781, 0.00391], "texture": "#0"}
			}
		}
	]
}