{
	"credit": "Made with Blockbench",
	"textures": {
		"0": "block/lamp/lamp_base",
		"1": "block/lamp/shaft",
		"2": "block/lamp/shade",
		"particle": "block/lamp/lamp_base"
	},
	"elements": [
		{
			"name": "shaft",
			"from": [7.75, 0.8, 7.75],
			"to": [8.25, 14.7, 8.25],
			"faces": {
				"north": {"uv": [0, 0, 0.5, 13.9], "texture": "#1"},
				"east": {"uv": [0, 0, 0.5, 13.9], "texture": "#1"},
				"south": {"uv": [0, 0, 0.5, 13.9], "texture": "#1"},
				"west": {"uv": [0, 0, 0.5, 13.9], "texture": "#1"},
				"up": {"uv": [0, 0, 0.5, 0.5], "texture": "#1"},
				"down": {"uv": [0, 0, 0.5, 0.5], "texture": "#1"}
			}
		},
		{
			"name": "Base",
			"from": [4, 0.1, 4],
			"to": [12, 0.1, 12],
			"faces": {
				"north": {"uv": [0, 0, 16, 0], "texture": "#0"},
				"east": {"uv": [0, 0, 16, 0], "texture": "#0"},
				"south": {"uv": [0, 0, 16, 0], "texture": "#0"},
				"west": {"uv": [0, 0, 16, 0], "texture": "#0"},
				"up": {"uv": [0, 0, 16, 16], "texture": "#0"},
				"down": {"uv": [0, 0, 16, 16], "texture": "#0"}
			}
		},
		{
			"name": "Base",
			"from": [4, 0.2, 4],
			"to": [12, 0.2, 12],
			"faces": {
				"north": {"uv": [0, 0, 16, 0], "texture": "#0"},
				"east": {"uv": [0, 0, 16, 0], "texture": "#0"},
				"south": {"uv": [0, 0, 16, 0], "texture": "#0"},
				"west": {"uv": [0, 0, 16, 0], "texture": "#0"},
				"up": {"uv": [0, 0, 16, 16], "texture": "#0"},
				"down": {"uv": [0, 0, 16, 16], "texture": "#0"}
			}
		},
		{
			"name": "Base",
			"from": [4, 0.3, 4],
			"to": [12, 0.3, 12],
			"faces": {
				"north": {"uv": [0, 0, 16, 0], "texture": "#0"},
				"east": {"uv": [0, 0, 16, 0], "texture": "#0"},
				"south": {"uv": [0, 0, 16, 0], "texture": "#0"},
				"west": {"uv": [0, 0, 16, 0], "texture": "#0"},
				"up": {"uv": [0, 0, 16, 16], "texture": "#0"},
				"down": {"uv": [0, 0, 16, 16], "texture": "#0"}
			}
		},
		{
			"name": "Base",
			"from": [4, 0.4, 4],
			"to": [12, 0.4, 12],
			"faces": {
				"north": {"uv": [0, 0, 16, 0], "texture": "#0"},
				"east": {"uv": [0, 0, 16, 0], "texture": "#0"},
				"south": {"uv": [0, 0, 16, 0], "texture": "#0"},
				"west": {"uv": [0, 0, 16, 0], "texture": "#0"},
				"up": {"uv": [0, 0, 16, 16], "texture": "#0"},
				"down": {"uv": [0, 0, 16, 16], "texture": "#0"}
			}
		},
		{
			"name": "Base",
			"from": [4, 0.5, 4],
			"to": [12, 0.5, 12],
			"faces": {
				"north": {"uv": [0, 0, 16, 0], "texture": "#0"},
				"east": {"uv": [0, 0, 16, 0], "texture": "#0"},
				"south": {"uv": [0, 0, 16, 0], "texture": "#0"},
				"west": {"uv": [0, 0, 16, 0], "texture": "#0"},
				"up": {"uv": [0, 0, 16, 16], "texture": "#0"},
				"down": {"uv": [0, 0, 16, 16], "texture": "#0"}
			}
		},
		{
			"name": "Base",
			"from": [4, 0.6, 4],
			"to": [12, 0.6, 12],
			"faces": {
				"north": {"uv": [0, 0, 16, 0], "texture": "#0"},
				"east": {"uv": [0, 0, 16, 0], "texture": "#0"},
				"south": {"uv": [0, 0, 16, 0], "texture": "#0"},
				"west": {"uv": [0, 0, 16, 0], "texture": "#0"},
				"up": {"uv": [0, 0, 16, 16], "texture": "#0"},
				"down": {"uv": [0, 0, 16, 16], "texture": "#0"}
			}
		},
		{
			"name": "Base",
			"from": [4, 0.7, 4],
			"to": [12, 0.7, 12],
			"faces": {
				"north": {"uv": [0, 0, 16, 0], "texture": "#0"},
				"east": {"uv": [0, 0, 16, 0], "texture": "#0"},
				"south": {"uv": [0, 0, 16, 0], "texture": "#0"},
				"west": {"uv": [0, 0, 16, 0], "texture": "#0"},
				"up": {"uv": [0, 0, 16, 16], "texture": "#0"},
				"down": {"uv": [0, 0, 16, 16], "texture": "#0"}
			}
		},
		{
			"name": "Base",
			"from": [4, 0.8, 4],
			"to": [12, 0.8, 12],
			"faces": {
				"north": {"uv": [0, 0, 16, 0], "texture": "#0"},
				"east": {"uv": [0, 0, 16, 0], "texture": "#0"},
				"south": {"uv": [0, 0, 16, 0], "texture": "#0"},
				"west": {"uv": [0, 0, 16, 0], "texture": "#0"},
				"up": {"uv": [0, 0, 16, 16], "texture": "#0"},
				"down": {"uv": [0, 0, 16, 16], "texture": "#0"}
			}
		},
		{
			"from": [0, 6.1435, 3.65015],
			"to": [16, 15.1435, 3.65015],
			"rotation": {"angle": 22.5, "axis": "x", "origin": [8, 10.7685, 3.65015]},
			"faces": {
				"north": {"uv": [0, 0, 16, 10], "texture": "#2"},
				"east": {"uv": [0, 0, 0, 9], "texture": "#2"},
				"south": {"uv": [0, 0, 16, 9], "texture": "#2"},
				"west": {"uv": [0, 0, 0, 9], "texture": "#2"},
				"up": {"uv": [0, 0, 16, 0], "texture": "#2"},
				"down": {"uv": [0, 0, 16, 0], "texture": "#2"}
			}
		},
		{
			"from": [0, 6.15328, 12.2706],
			"to": [16.25, 15.15328, 12.2706],
			"rotation": {"angle": -22.5, "axis": "x", "origin": [8, 10.65328, 12.2706]},
			"faces": {
				"north": {"uv": [0, 0, 16, 9], "texture": "#2"},
				"east": {"uv": [0, 0, 0, 9], "texture": "#2"},
				"south": {"uv": [0, 0, 16, 10], "texture": "#2"},
				"west": {"uv": [0, 0, 0, 9], "texture": "#2"},
				"up": {"uv": [0, 0, 16, 0], "rotation": 180, "texture": "#2"},
				"down": {"uv": [0, 0, 16, 0], "rotation": 180, "texture": "#2"}
			}
		},
		{
			"from": [12.2706, 6.15328, -0.25],
			"to": [12.2706, 15.15328, 16],
			"rotation": {"angle": 22.5, "axis": "z", "origin": [12.2706, 10.65328, 8]},
			"faces": {
				"north": {"uv": [0, 0, 0, 10], "texture": "#2"},
				"east": {"uv": [0, 0, 16, 10], "texture": "#2"},
				"south": {"uv": [0, 0, 0, 10], "texture": "#2"},
				"west": {"uv": [0, 0, 16, 10], "texture": "#2"},
				"up": {"uv": [0, 0, 16, 0], "rotation": 90, "texture": "#2"},
				"down": {"uv": [0, 0, 16, 0], "rotation": 270, "texture": "#2"}
			}
		},
		{
			"from": [3.7294, 6.15328, -0.25],
			"to": [3.7294, 15.15328, 16.25],
			"rotation": {"angle": -22.5, "axis": "z", "origin": [3.7294, 10.65328, 8]},
			"faces": {
				"north": {"uv": [0, 0, 0, 10], "texture": "#2"},
				"east": {"uv": [0, 0, 16, 10], "texture": "#2"},
				"south": {"uv": [0, 0, 0, 10], "texture": "#2"},
				"west": {"uv": [0, 0, 16, 10], "texture": "#2"},
				"up": {"uv": [0, 0, 16, 0], "rotation": 270, "texture": "#2"},
				"down": {"uv": [0, 0, 16, 0], "rotation": 90, "texture": "#2"}
			}
		},
		{
			"from": [5.4, 14.75, 5.4],
			"to": [10.5, 14.75, 10.5],
			"rotation": {"angle": 0, "axis": "y", "origin": [0.5, 2, 0.5]},
			"faces": {
				"north": {"uv": [0, 0, 5.1, 0], "texture": "#2"},
				"east": {"uv": [0, 0, 5.1, 0], "texture": "#2"},
				"south": {"uv": [0, 0, 5.1, 0], "texture": "#2"},
				"west": {"uv": [0, 0, 5.1, 0], "texture": "#2"},
				"up": {"uv": [1.8, 10.9, 6.9, 16], "texture": "#2"},
				"down": {"uv": [1.70313, 10.95313, 6.80313, 16.05313], "texture": "#2"}
			}
		}
	],
	"groups": [0,
		{
			"name": "basegroup",
			"origin": [0, 0, 0],
			"color": 0,
			"children": [1, 2, 3, 4, 5, 6, 7, 8]
		},
		{
			"name": "shadegroup",
			"origin": [8, 8, 8],
			"color": 0,
			"children": [9, 10, 11, 12, 13]
		}
	]
}