{
	"credit": "Made with Blockbench",
	"ambientocclusion": false,
	"textures": {
		"0": "block/oak_leaves",
		"particle": "block/oak_leaves"
	},
	"elements": [
		{
			"from": [-5.61337, 13.25676, -4],
			"to": [12.38663, 13.25676, 14],
			"rotation": {"angle": 22.5, "axis": "z", "origin": [8.91159, 5.81487, 8.49334]},
			"faces": {
				"north": {"uv": [0, 0, 16, 0], "rotation": 180, "texture": "#0", "tintindex": 0},
				"east": {"uv": [0, 0, 16, 0], "rotation": 180, "texture": "#0", "tintindex": 0},
				"south": {"uv": [0, 0, 16, 0], "rotation": 180, "texture": "#0", "tintindex": 0},
				"west": {"uv": [0, 0, 16, 0], "rotation": 180, "texture": "#0", "tintindex": 0},
				"up": {"uv": [0, 0, 16, 16], "rotation": 180, "texture": "#0", "tintindex": 0},
				"down": {"uv": [0, 0, 16, 16], "texture": "#0", "tintindex": 0}
			}
		},
		{
			"from": [-0.1, -9.12439, 0.93197],
			"to": [17.9, 8.87561, 0.93197],
			"rotation": {"angle": 45, "axis": "x", "origin": [8.91159, 5.81487, 8.49334]},
			"faces": {
				"north": {"uv": [0, 0, 16, 16], "rotation": 180, "texture": "#0", "tintindex": 0},
				"east": {"uv": [0, 0, 16, 0], "rotation": 270, "texture": "#0", "tintindex": 0},
				"south": {"uv": [0, 0, 16, 16], "texture": "#0", "tintindex": 0},
				"west": {"uv": [0, 0, 16, 0], "rotation": 90, "texture": "#0", "tintindex": 0},
				"up": {"uv": [0, 0, 16, 0], "rotation": 180, "texture": "#0", "tintindex": 0},
				"down": {"uv": [0, 0, 16, 0], "texture": "#0", "tintindex": 0}
			}
		},
		{
			"from": [-0.1, -3.12439, 0.93197],
			"to": [17.9, 14.87561, 0.93197],
			"rotation": {"angle": 45, "axis": "x", "origin": [8.91159, 5.81487, 8.49334]},
			"faces": {
				"north": {"uv": [0, 0, 16, 16], "rotation": 180, "texture": "#0", "tintindex": 0},
				"east": {"uv": [0, 0, 16, 0], "rotation": 270, "texture": "#0", "tintindex": 0},
				"south": {"uv": [0, 0, 16, 16], "texture": "#0", "tintindex": 0},
				"west": {"uv": [0, 0, 16, 0], "rotation": 90, "texture": "#0", "tintindex": 0},
				"up": {"uv": [0, 0, 16, 0], "rotation": 180, "texture": "#0", "tintindex": 0},
				"down": {"uv": [0, 0, 16, 0], "texture": "#0", "tintindex": 0}
			}
		},
		{
			"from": [7.9, 9.37624, -8.44592],
			"to": [25.9, 9.37624, 9.55408],
			"rotation": {"angle": -22.5, "axis": "x", "origin": [8.91159, 5.81487, 8.49334]},
			"faces": {
				"north": {"uv": [0, 0, 16, 0], "rotation": 180, "texture": "#0", "tintindex": 0},
				"east": {"uv": [0, 0, 16, 0], "rotation": 180, "texture": "#0", "tintindex": 0},
				"south": {"uv": [0, 0, 16, 0], "rotation": 180, "texture": "#0", "tintindex": 0},
				"west": {"uv": [0, 0, 16, 0], "rotation": 180, "texture": "#0", "tintindex": 0},
				"up": {"uv": [0, 0, 16, 16], "texture": "#0", "tintindex": 0},
				"down": {"uv": [0, 0, 16, 16], "texture": "#0", "tintindex": 0}
			}
		},
		{
			"from": [-6.71336, 13.75676, 3.6],
			"to": [11.28664, 13.75676, 21.6],
			"rotation": {"angle": 45, "axis": "z", "origin": [8.91159, 5.81487, 8.49334]},
			"faces": {
				"north": {"uv": [0, 0, 16, 0], "rotation": 180, "texture": "#0", "tintindex": 0},
				"east": {"uv": [0, 0, 16, 0], "rotation": 180, "texture": "#0", "tintindex": 0},
				"south": {"uv": [0, 0, 16, 0], "rotation": 180, "texture": "#0", "tintindex": 0},
				"west": {"uv": [0, 0, 16, 0], "rotation": 180, "texture": "#0", "tintindex": 0},
				"up": {"uv": [0, 0, 16, 16], "texture": "#0", "tintindex": 0},
				"down": {"uv": [0, 0, 16, 16], "texture": "#0", "tintindex": 0}
			}
		},
		{
			"from": [-4.71336, 11.75676, 6.6],
			"to": [13.28664, 11.75676, 24.6],
			"rotation": {"angle": 22.5, "axis": "x", "origin": [8.91159, 5.81487, 8.49334]},
			"faces": {
				"north": {"uv": [0, 0, 16, 0], "rotation": 180, "texture": "#0", "tintindex": 0},
				"east": {"uv": [0, 0, 16, 0], "rotation": 180, "texture": "#0", "tintindex": 0},
				"south": {"uv": [0, 0, 16, 0], "rotation": 180, "texture": "#0", "tintindex": 0},
				"west": {"uv": [0, 0, 16, 0], "rotation": 180, "texture": "#0", "tintindex": 0},
				"up": {"uv": [0, 0, 16, 16], "texture": "#0", "tintindex": 0},
				"down": {"uv": [0, 0, 16, 16], "texture": "#0", "tintindex": 0}
			}
		},
		{
			"from": [0.76899, 15.56013, 7.52683],
			"to": [18.76899, 15.56013, 25.52683],
			"rotation": {"angle": 45, "axis": "x", "origin": [8.91159, 5.81487, 8.49334]},
			"faces": {
				"north": {"uv": [0, 0, 16, 0], "rotation": 180, "texture": "#0", "tintindex": 0},
				"east": {"uv": [0, 0, 16, 0], "rotation": 180, "texture": "#0", "tintindex": 0},
				"south": {"uv": [0, 0, 16, 0], "rotation": 180, "texture": "#0", "tintindex": 0},
				"west": {"uv": [0, 0, 16, 0], "rotation": 180, "texture": "#0", "tintindex": 0},
				"up": {"uv": [0, 0, 16, 16], "texture": "#0", "tintindex": 0},
				"down": {"uv": [0, 0, 16, 16], "texture": "#0", "tintindex": 0}
			}
		},
		{
			"from": [3.46899, 9.96013, 8.92683],
			"to": [21.46899, 9.96013, 26.92683],
			"rotation": {"angle": 45, "axis": "x", "origin": [8.91159, 5.81487, 8.49334]},
			"faces": {
				"north": {"uv": [0, 0, 16, 0], "rotation": 180, "texture": "#0", "tintindex": 0},
				"east": {"uv": [0, 0, 16, 0], "rotation": 180, "texture": "#0", "tintindex": 0},
				"south": {"uv": [0, 0, 16, 0], "rotation": 180, "texture": "#0", "tintindex": 0},
				"west": {"uv": [0, 0, 16, 0], "rotation": 180, "texture": "#0", "tintindex": 0},
				"up": {"uv": [0, 0, 16, 16], "texture": "#0", "tintindex": 0},
				"down": {"uv": [0, 0, 16, 16], "texture": "#0", "tintindex": 0}
			}
		},
		{
			"from": [3.46899, 9.96013, 3.92683],
			"to": [21.46899, 9.96013, 21.92683],
			"rotation": {"angle": 22.5, "axis": "x", "origin": [8.91159, 5.81487, 8.49334]},
			"faces": {
				"north": {"uv": [0, 0, 16, 0], "rotation": 180, "texture": "#0", "tintindex": 0},
				"east": {"uv": [0, 0, 16, 0], "rotation": 180, "texture": "#0", "tintindex": 0},
				"south": {"uv": [0, 0, 16, 0], "rotation": 180, "texture": "#0", "tintindex": 0},
				"west": {"uv": [0, 0, 16, 0], "rotation": 180, "texture": "#0", "tintindex": 0},
				"up": {"uv": [0, 0, 16, 16], "texture": "#0", "tintindex": 0},
				"down": {"uv": [0, 0, 16, 16], "texture": "#0", "tintindex": 0}
			}
		},
		{
			"from": [3.46899, 4.96013, 3.92683],
			"to": [21.46899, 4.96013, 21.92683],
			"rotation": {"angle": 45, "axis": "z", "origin": [8.91159, 5.81487, 8.49334]},
			"faces": {
				"north": {"uv": [0, 0, 16, 0], "rotation": 180, "texture": "#0", "tintindex": 0},
				"east": {"uv": [0, 0, 16, 0], "rotation": 180, "texture": "#0", "tintindex": 0},
				"south": {"uv": [0, 0, 16, 0], "rotation": 180, "texture": "#0", "tintindex": 0},
				"west": {"uv": [0, 0, 16, 0], "rotation": 180, "texture": "#0", "tintindex": 0},
				"up": {"uv": [0, 0, 16, 16], "texture": "#0", "tintindex": 0},
				"down": {"uv": [0, 0, 16, 16], "texture": "#0", "tintindex": 0}
			}
		},
		{
			"from": [-1.03101, 13.79259, 4.84586],
			"to": [16.96899, 13.79259, 22.84586],
			"rotation": {"angle": 22.5, "axis": "x", "origin": [8.91159, 5.81487, 8.49334]},
			"faces": {
				"north": {"uv": [0, 0, 16, 0], "rotation": 180, "texture": "#0", "tintindex": 0},
				"east": {"uv": [0, 0, 16, 0], "rotation": 180, "texture": "#0", "tintindex": 0},
				"south": {"uv": [0, 0, 16, 0], "rotation": 180, "texture": "#0", "tintindex": 0},
				"west": {"uv": [0, 0, 16, 0], "rotation": 180, "texture": "#0", "tintindex": 0},
				"up": {"uv": [0, 0, 16, 16], "texture": "#0", "tintindex": 0},
				"down": {"uv": [0, 0, 16, 16], "texture": "#0", "tintindex": 0}
			}
		},
		{
			"from": [9.69457, 12.25521, 6.51091],
			"to": [27.69457, 12.25521, 24.51091],
			"rotation": {"angle": -45, "axis": "z", "origin": [8.91159, 5.81487, 8.49334]},
			"faces": {
				"north": {"uv": [0, 0, 16, 0], "rotation": 180, "texture": "#0", "tintindex": 0},
				"east": {"uv": [0, 0, 16, 0], "rotation": 180, "texture": "#0", "tintindex": 0},
				"south": {"uv": [0, 0, 16, 0], "rotation": 180, "texture": "#0", "tintindex": 0},
				"west": {"uv": [0, 0, 16, 0], "rotation": 180, "texture": "#0", "tintindex": 0},
				"up": {"uv": [0, 0, 16, 16], "texture": "#0", "tintindex": 0},
				"down": {"uv": [0, 0, 16, 16], "texture": "#0", "tintindex": 0}
			}
		},
		{
			"from": [5.99457, 12.85521, -3.28909],
			"to": [23.99457, 12.85521, 14.71091],
			"rotation": {"angle": -45, "axis": "z", "origin": [8.91159, 5.81487, 8.49334]},
			"faces": {
				"north": {"uv": [0, 0, 16, 0], "rotation": 180, "texture": "#0", "tintindex": 0},
				"east": {"uv": [0, 0, 16, 0], "rotation": 180, "texture": "#0", "tintindex": 0},
				"south": {"uv": [0, 0, 16, 0], "rotation": 180, "texture": "#0", "tintindex": 0},
				"west": {"uv": [0, 0, 16, 0], "rotation": 180, "texture": "#0", "tintindex": 0},
				"up": {"uv": [0, 0, 16, 16], "texture": "#0", "tintindex": 0},
				"down": {"uv": [0, 0, 16, 16], "texture": "#0", "tintindex": 0}
			}
		},
		{
			"from": [2.3467, 12.1077, -0.58909],
			"to": [20.3467, 12.1077, 17.41091],
			"rotation": {"angle": -22.5, "axis": "z", "origin": [8.91159, 5.81487, 8.49334]},
			"faces": {
				"north": {"uv": [0, 0, 16, 0], "rotation": 180, "texture": "#0", "tintindex": 0},
				"east": {"uv": [0, 0, 16, 0], "rotation": 180, "texture": "#0", "tintindex": 0},
				"south": {"uv": [0, 0, 16, 0], "rotation": 180, "texture": "#0", "tintindex": 0},
				"west": {"uv": [0, 0, 16, 0], "rotation": 180, "texture": "#0", "tintindex": 0},
				"up": {"uv": [0, 0, 16, 16], "texture": "#0", "tintindex": 0},
				"down": {"uv": [0, 0, 16, 16], "texture": "#0", "tintindex": 0}
			}
		},
		{
			"from": [2.3467, 12.1077, -4.58909],
			"to": [20.3467, 12.1077, 13.41091],
			"rotation": {"angle": 22.5, "axis": "x", "origin": [8.91159, 5.81487, 8.49334]},
			"faces": {
				"north": {"uv": [0, 0, 16, 0], "rotation": 180, "texture": "#0", "tintindex": 0},
				"east": {"uv": [0, 0, 16, 0], "rotation": 180, "texture": "#0", "tintindex": 0},
				"south": {"uv": [0, 0, 16, 0], "rotation": 180, "texture": "#0", "tintindex": 0},
				"west": {"uv": [0, 0, 16, 0], "rotation": 180, "texture": "#0", "tintindex": 0},
				"up": {"uv": [0, 0, 16, 16], "texture": "#0", "tintindex": 0},
				"down": {"uv": [0, 0, 16, 16], "texture": "#0", "tintindex": 0}
			}
		},
		{
			"from": [-3.6533, 12.1077, -4.58909],
			"to": [14.3467, 12.1077, 13.41091],
			"rotation": {"angle": 45, "axis": "z", "origin": [8.91159, 5.81487, 8.49334]},
			"faces": {
				"north": {"uv": [0, 0, 16, 0], "rotation": 180, "texture": "#0", "tintindex": 0},
				"east": {"uv": [0, 0, 16, 0], "rotation": 180, "texture": "#0", "tintindex": 0},
				"south": {"uv": [0, 0, 16, 0], "rotation": 180, "texture": "#0", "tintindex": 0},
				"west": {"uv": [0, 0, 16, 0], "rotation": 180, "texture": "#0", "tintindex": 0},
				"up": {"uv": [0, 0, 16, 16], "texture": "#0", "tintindex": 0},
				"down": {"uv": [0, 0, 16, 16], "texture": "#0", "tintindex": 0}
			}
		},
		{
			"from": [-1.6533, 12.1077, -0.58909],
			"to": [16.3467, 12.1077, 17.41091],
			"rotation": {"angle": 22.5, "axis": "x", "origin": [8.91159, 5.81487, 8.49334]},
			"faces": {
				"north": {"uv": [0, 0, 16, 0], "rotation": 180, "texture": "#0", "tintindex": 0},
				"east": {"uv": [0, 0, 16, 0], "rotation": 180, "texture": "#0", "tintindex": 0},
				"south": {"uv": [0, 0, 16, 0], "rotation": 180, "texture": "#0", "tintindex": 0},
				"west": {"uv": [0, 0, 16, 0], "rotation": 180, "texture": "#0", "tintindex": 0},
				"up": {"uv": [0, 0, 16, 16], "texture": "#0", "tintindex": 0},
				"down": {"uv": [0, 0, 16, 16], "texture": "#0", "tintindex": 0}
			}
		},
		{
			"from": [5.3467, 0.1077, -4.58909],
			"to": [23.3467, 0.1077, 13.41091],
			"rotation": {"angle": 45, "axis": "x", "origin": [8.91159, 5.81487, 8.49334]},
			"faces": {
				"north": {"uv": [0, 0, 16, 0], "rotation": 180, "texture": "#0", "tintindex": 0},
				"east": {"uv": [0, 0, 16, 0], "rotation": 180, "texture": "#0", "tintindex": 0},
				"south": {"uv": [0, 0, 16, 0], "rotation": 180, "texture": "#0", "tintindex": 0},
				"west": {"uv": [0, 0, 16, 0], "rotation": 180, "texture": "#0", "tintindex": 0},
				"up": {"uv": [0, 0, 16, 16], "texture": "#0", "tintindex": 0},
				"down": {"uv": [0, 0, 16, 16], "texture": "#0", "tintindex": 0}
			}
		},
		{
			"from": [-1.05913, -5.30452, -1.92288],
			"to": [-1.05913, 12.69548, 16.07712],
			"rotation": {"angle": 45, "axis": "y", "origin": [8.91159, 5.81487, 8.49334]},
			"faces": {
				"north": {"uv": [0, 0, 16, 0], "rotation": 270, "texture": "#0", "tintindex": 0},
				"east": {"uv": [0, 0, 16, 16], "rotation": 270, "texture": "#0", "tintindex": 0},
				"south": {"uv": [0, 0, 16, 0], "rotation": 90, "texture": "#0", "tintindex": 0},
				"west": {"uv": [0, 0, 16, 16], "rotation": 270, "texture": "#0", "tintindex": 0},
				"up": {"uv": [0, 0, 16, 0], "rotation": 90, "texture": "#0", "tintindex": 0},
				"down": {"uv": [0, 0, 16, 0], "rotation": 90, "texture": "#0", "tintindex": 0}
			}
		},
		{
			"from": [2.94087, -5.30452, -7.92288],
			"to": [2.94087, 12.69548, 10.07712],
			"rotation": {"angle": 45, "axis": "y", "origin": [8.91159, 5.81487, 8.49334]},
			"faces": {
				"north": {"uv": [0, 0, 16, 0], "rotation": 270, "texture": "#0", "tintindex": 0},
				"east": {"uv": [0, 0, 16, 16], "rotation": 270, "texture": "#0", "tintindex": 0},
				"south": {"uv": [0, 0, 16, 0], "rotation": 90, "texture": "#0", "tintindex": 0},
				"west": {"uv": [0, 0, 16, 16], "rotation": 270, "texture": "#0", "tintindex": 0},
				"up": {"uv": [0, 0, 16, 0], "rotation": 90, "texture": "#0", "tintindex": 0},
				"down": {"uv": [0, 0, 16, 0], "rotation": 90, "texture": "#0", "tintindex": 0}
			}
		},
		{
			"from": [-5.9, -10.92439, 4.73197],
			"to": [12.1, 7.07561, 4.73197],
			"rotation": {"angle": 45, "axis": "x", "origin": [8.91159, 5.81487, 8.49334]},
			"faces": {
				"north": {"uv": [0, 0, 16, 16], "rotation": 180, "texture": "#0", "tintindex": 0},
				"east": {"uv": [0, 0, 16, 0], "rotation": 270, "texture": "#0", "tintindex": 0},
				"south": {"uv": [0, 0, 16, 16], "texture": "#0", "tintindex": 0},
				"west": {"uv": [0, 0, 16, 0], "rotation": 90, "texture": "#0", "tintindex": 0},
				"up": {"uv": [0, 0, 16, 0], "rotation": 180, "texture": "#0", "tintindex": 0},
				"down": {"uv": [0, 0, 16, 0], "texture": "#0", "tintindex": 0}
			}
		},
		{
			"from": [3.2, -11.22396, 2.38263],
			"to": [21.2, 6.77604, 2.38263],
			"rotation": {"angle": 22.5, "axis": "x", "origin": [8.91159, 5.81487, 8.49334]},
			"faces": {
				"north": {"uv": [0, 0, 16, 16], "rotation": 180, "texture": "#0", "tintindex": 0},
				"east": {"uv": [0, 0, 16, 0], "rotation": 270, "texture": "#0", "tintindex": 0},
				"south": {"uv": [0, 0, 16, 16], "texture": "#0", "tintindex": 0},
				"west": {"uv": [0, 0, 16, 0], "rotation": 90, "texture": "#0", "tintindex": 0},
				"up": {"uv": [0, 0, 16, 0], "rotation": 180, "texture": "#0", "tintindex": 0},
				"down": {"uv": [0, 0, 16, 0], "texture": "#0", "tintindex": 0}
			}
		},
		{
			"from": [0.52706, -5.22511, -0.00423],
			"to": [0.52706, 12.77489, 17.99577],
			"rotation": {"angle": -45, "axis": "y", "origin": [8.91159, 5.81487, 8.49334]},
			"faces": {
				"north": {"uv": [0, 0, 16, 0], "rotation": 270, "texture": "#0", "tintindex": 0},
				"east": {"uv": [0, 0, 16, 16], "texture": "#0", "tintindex": 0},
				"south": {"uv": [0, 0, 16, 0], "rotation": 90, "texture": "#0", "tintindex": 0},
				"west": {"uv": [0, 0, 16, 16], "rotation": 180, "texture": "#0", "tintindex": 0},
				"up": {"uv": [0, 0, 16, 0], "rotation": 90, "texture": "#0", "tintindex": 0},
				"down": {"uv": [0, 0, 16, 0], "rotation": 90, "texture": "#0", "tintindex": 0}
			}
		},
		{
			"from": [15.66481, -12.41918, 2],
			"to": [15.66481, 5.58082, 20],
			"rotation": {"angle": 22.5, "axis": "z", "origin": [8.91159, 5.81487, 8.49334]},
			"faces": {
				"north": {"uv": [0, 0, 16, 0], "rotation": 270, "texture": "#0", "tintindex": 0},
				"east": {"uv": [0, 0, 16, 16], "rotation": 90, "texture": "#0", "tintindex": 0},
				"south": {"uv": [0, 0, 16, 0], "rotation": 90, "texture": "#0", "tintindex": 0},
				"west": {"uv": [0, 0, 16, 16], "rotation": 90, "texture": "#0", "tintindex": 0},
				"up": {"uv": [0, 0, 16, 0], "rotation": 90, "texture": "#0", "tintindex": 0},
				"down": {"uv": [0, 0, 16, 0], "rotation": 90, "texture": "#0", "tintindex": 0}
			}
		}
	]
}