{
	"credit": "Made with Blockbench",
	"textures": {
		"0": "block/rail_wood",
		"1": "block/iron_block",
		"2": "block/rod",
		"particle": "block/rail_wood"
	},
	"elements": [
		{
			"from": [12, 1, 0],
			"to": [13, 3, 16],
			"faces": {
				"north": {"uv": [0, 0, 1, 2], "texture": "#1"},
				"east": {"uv": [0, 0, 16, 2], "texture": "#1"},
				"south": {"uv": [0, 0, 1, 2], "texture": "#1"},
				"west": {"uv": [0, 0, 16, 2], "texture": "#1"},
				"up": {"uv": [0, 0, 16, 1], "rotation": 90, "texture": "#1"},
				"down": {"uv": [0, 0, 16, 1], "rotation": 270, "texture": "#1"}
			}
		},
		{
			"from": [3, 1, 0],
			"to": [4, 3, 16],
			"faces": {
				"north": {"uv": [0, 0, 1, 2], "texture": "#1"},
				"east": {"uv": [0, 0, 16, 2], "texture": "#1"},
				"south": {"uv": [0, 0, 1, 2], "texture": "#1"},
				"west": {"uv": [0, 0, 16, 2], "texture": "#1"},
				"up": {"uv": [0, 0, 16, 1], "rotation": 90, "texture": "#1"},
				"down": {"uv": [0, 0, 16, 1], "rotation": 270, "texture": "#1"}
			}
		},
		{
			"from": [0, 0, 10],
			"to": [16, 1, 14],
			"faces": {
				"north": {"uv": [0, 0, 16, 1], "texture": "#0"},
				"east": {"uv": [0, 0, 4, 1], "texture": "#0"},
				"south": {"uv": [0, 0, 16, 1], "texture": "#0"},
				"west": {"uv": [0, 0, 4, 1], "texture": "#0"},
				"up": {"uv": [0, 0, 4, 16], "rotation": 90, "texture": "#0"},
				"down": {"uv": [0, 0, 4, 16], "rotation": 270, "texture": "#0"}
			}
		},
		{
			"from": [0, 0, 2],
			"to": [16, 1, 6],
			"faces": {
				"north": {"uv": [0, 0, 16, 1], "texture": "#0"},
				"east": {"uv": [0, 0, 4, 1], "texture": "#0"},
				"south": {"uv": [0, 0, 16, 1], "texture": "#0"},
				"west": {"uv": [0, 0, 4, 1], "texture": "#0"},
				"up": {"uv": [0, 0, 4, 16], "rotation": 90, "texture": "#0"},
				"down": {"uv": [0, 0, 4, 16], "rotation": 270, "texture": "#0"}
			}
		},
		{
			"name": "octagon",
			"from": [-0.15906, 1.4, 10.39264],
			"to": [0.02378, 1.675, 10.69264],
			"rotation": {"angle": 45, "axis": "y", "origin": [4.175, 4, 6.3]},
			"faces": {
				"north": {"uv": [0, 0, 1, 1], "texture": "#2"},
				"east": {"uv": [0, 0, 1, 1], "texture": "#2"},
				"south": {"uv": [0, 0, 1, 1], "texture": "#2"},
				"west": {"uv": [0, 0, 1, 1], "texture": "#2"},
				"up": {"uv": [0, 0, 16, 16], "texture": "#2"},
				"down": {"uv": [0, 0, 1, 1], "texture": "#2"}
			}
		},
		{
			"name": "octagon",
			"from": [4.08358, 1.4, 12.15],
			"to": [4.26642, 1.675, 12.45],
			"rotation": {"angle": 0, "axis": "y", "origin": [4.175, 4, 6.3]},
			"faces": {
				"north": {"uv": [0, 0, 1, 1], "texture": "#2"},
				"east": {"uv": [0, 0, 1, 1], "texture": "#2"},
				"south": {"uv": [0, 0, 1, 1], "texture": "#2"},
				"west": {"uv": [0, 0, 1, 1], "texture": "#2"},
				"up": {"uv": [0, 0, 16, 16], "texture": "#2"},
				"down": {"uv": [0, 0, 1, 1], "texture": "#2"}
			}
		},
		{
			"name": "octagon",
			"from": [-0.21764, 1.4, 10.45122],
			"to": [0.08236, 1.675, 10.63406],
			"rotation": {"angle": 45, "axis": "y", "origin": [4.175, 4, 6.3]},
			"faces": {
				"north": {"uv": [0, 0, 1, 1], "texture": "#2"},
				"east": {"uv": [0, 0, 1, 1], "texture": "#2"},
				"south": {"uv": [0, 0, 1, 1], "texture": "#2"},
				"west": {"uv": [0, 0, 1, 1], "texture": "#2"},
				"up": {"uv": [0, 0, 16, 16], "texture": "#2"},
				"down": {"uv": [0, 0, 1, 1], "texture": "#2"}
			}
		},
		{
			"name": "octagon",
			"from": [4.025, 1.4, 12.20858],
			"to": [4.325, 1.675, 12.39142],
			"rotation": {"angle": 0, "axis": "y", "origin": [4.175, 4, 6.3]},
			"faces": {
				"north": {"uv": [0, 0, 1, 1], "texture": "#2"},
				"east": {"uv": [0, 0, 1, 1], "texture": "#2"},
				"south": {"uv": [0, 0, 1, 1], "texture": "#2"},
				"west": {"uv": [0, 0, 1, 1], "texture": "#2"},
				"up": {"uv": [0, 0, 16, 16], "texture": "#2"},
				"down": {"uv": [0, 0, 1, 1], "texture": "#2"}
			}
		},
		{
			"name": "octagon",
			"from": [0.00736, 1.425, 10.98333],
			"to": [0.1402, 1.65, 11.23333],
			"rotation": {"angle": 45, "axis": "y", "origin": [4.175, 4, 6.3]},
			"faces": {
				"north": {"uv": [0, 0, 1, 1], "texture": "#2"},
				"east": {"uv": [0, 0, 1, 1], "texture": "#2"},
				"south": {"uv": [0, 0, 1, 1], "texture": "#2"},
				"west": {"uv": [0, 0, 1, 1], "texture": "#2"},
				"up": {"uv": [0, 0, 16, 16], "texture": "#2"},
				"down": {"uv": [0, 0, 1, 1], "texture": "#2"}
			}
		},
		{
			"name": "octagon",
			"from": [4.60858, 1.425, 12.475],
			"to": [4.74142, 1.65, 12.725],
			"rotation": {"angle": 0, "axis": "y", "origin": [4.175, 4, 6.3]},
			"faces": {
				"north": {"uv": [0, 0, 1, 1], "texture": "#2"},
				"east": {"uv": [0, 0, 1, 1], "texture": "#2"},
				"south": {"uv": [0, 0, 1, 1], "texture": "#2"},
				"west": {"uv": [0, 0, 1, 1], "texture": "#2"},
				"up": {"uv": [0, 0, 16, 16], "texture": "#2"},
				"down": {"uv": [0, 0, 1, 1], "texture": "#2"}
			}
		},
		{
			"name": "octagon",
			"from": [-0.05122, 1.425, 11.0419],
			"to": [0.19878, 1.65, 11.17475],
			"rotation": {"angle": 45, "axis": "y", "origin": [4.175, 4, 6.3]},
			"faces": {
				"north": {"uv": [0, 0, 1, 1], "texture": "#2"},
				"east": {"uv": [0, 0, 1, 1], "texture": "#2"},
				"south": {"uv": [0, 0, 1, 1], "texture": "#2"},
				"west": {"uv": [0, 0, 1, 1], "texture": "#2"},
				"up": {"uv": [0, 0, 16, 16], "texture": "#2"},
				"down": {"uv": [0, 0, 1, 1], "texture": "#2"}
			}
		},
		{
			"name": "octagon",
			"from": [4.55, 1.425, 12.53358],
			"to": [4.8, 1.65, 12.66642],
			"rotation": {"angle": 0, "axis": "y", "origin": [4.175, 4, 6.3]},
			"faces": {
				"north": {"uv": [0, 0, 1, 1], "texture": "#2"},
				"east": {"uv": [0, 0, 1, 1], "texture": "#2"},
				"south": {"uv": [0, 0, 1, 1], "texture": "#2"},
				"west": {"uv": [0, 0, 1, 1], "texture": "#2"},
				"up": {"uv": [0, 0, 16, 16], "texture": "#2"},
				"down": {"uv": [0, 0, 1, 1], "texture": "#2"}
			}
		},
		{
			"name": "octagon",
			"from": [0.43162, 1.425, 10.55906],
			"to": [0.56447, 1.65, 10.80906],
			"rotation": {"angle": 45, "axis": "y", "origin": [4.175, 4, 6.3]},
			"faces": {
				"north": {"uv": [0, 0, 1, 1], "texture": "#2"},
				"east": {"uv": [0, 0, 1, 1], "texture": "#2"},
				"south": {"uv": [0, 0, 1, 1], "texture": "#2"},
				"west": {"uv": [0, 0, 1, 1], "texture": "#2"},
				"up": {"uv": [0, 0, 16, 16], "texture": "#2"},
				"down": {"uv": [0, 0, 1, 1], "texture": "#2"}
			}
		},
		{
			"name": "octagon",
			"from": [4.60858, 1.425, 11.875],
			"to": [4.74142, 1.65, 12.125],
			"rotation": {"angle": 0, "axis": "y", "origin": [4.175, 4, 6.3]},
			"faces": {
				"north": {"uv": [0, 0, 1, 1], "texture": "#2"},
				"east": {"uv": [0, 0, 1, 1], "texture": "#2"},
				"south": {"uv": [0, 0, 1, 1], "texture": "#2"},
				"west": {"uv": [0, 0, 1, 1], "texture": "#2"},
				"up": {"uv": [0, 0, 16, 16], "texture": "#2"},
				"down": {"uv": [0, 0, 1, 1], "texture": "#2"}
			}
		},
		{
			"name": "octagon",
			"from": [0.37304, 1.425, 10.61764],
			"to": [0.62304, 1.65, 10.75048],
			"rotation": {"angle": 45, "axis": "y", "origin": [4.175, 4, 6.3]},
			"faces": {
				"north": {"uv": [0, 0, 1, 1], "texture": "#2"},
				"east": {"uv": [0, 0, 1, 1], "texture": "#2"},
				"south": {"uv": [0, 0, 1, 1], "texture": "#2"},
				"west": {"uv": [0, 0, 1, 1], "texture": "#2"},
				"up": {"uv": [0, 0, 16, 16], "texture": "#2"},
				"down": {"uv": [0, 0, 1, 1], "texture": "#2"}
			}
		},
		{
			"name": "octagon",
			"from": [4.55, 1.425, 11.93358],
			"to": [4.8, 1.65, 12.06642],
			"rotation": {"angle": 0, "axis": "y", "origin": [4.175, 4, 6.3]},
			"faces": {
				"north": {"uv": [0, 0, 1, 1], "texture": "#2"},
				"east": {"uv": [0, 0, 1, 1], "texture": "#2"},
				"south": {"uv": [0, 0, 1, 1], "texture": "#2"},
				"west": {"uv": [0, 0, 1, 1], "texture": "#2"},
				"up": {"uv": [0, 0, 16, 16], "texture": "#2"},
				"down": {"uv": [0, 0, 1, 1], "texture": "#2"}
			}
		},
		{
			"from": [4.025, 1.1, 11.3],
			"to": [5.275, 1.3, 13.3],
			"rotation": {"angle": 0, "axis": "y", "origin": [0.175, 0, 2.3]},
			"faces": {
				"north": {"uv": [0, 0, 16, 16], "texture": "#2"},
				"east": {"uv": [0, 0, 16, 16], "texture": "#2"},
				"south": {"uv": [0, 0, 16, 16], "texture": "#2"},
				"west": {"uv": [0, 0, 16, 16], "texture": "#2"},
				"up": {"uv": [0, 0, 16, 16], "texture": "#2"},
				"down": {"uv": [0, 0, 16, 16], "texture": "#2"}
			}
		},
		{
			"from": [4, 1.2, 11.4],
			"to": [4.375, 1.425, 13.125],
			"rotation": {"angle": 0, "axis": "y", "origin": [4.725, 0.75, 4.3]},
			"faces": {
				"north": {"uv": [11.9, 14.8, 12.1, 15], "rotation": 90, "texture": "#2"},
				"east": {"uv": [5.4, 14.8, 6.6, 15], "texture": "#2"},
				"south": {"uv": [3.9, 14.8, 4.1, 15], "rotation": 90, "texture": "#2"},
				"west": {"uv": [0, 0, 0.2, 1.2], "rotation": 90, "texture": "#2"},
				"up": {"uv": [0, 0, 16, 16], "texture": "#2"},
				"down": {"uv": [0, 0, 0.2, 1.2], "rotation": 90, "texture": "#2"}
			}
		},
		{
			"from": [4, 1.275, 11.825],
			"to": [4.425, 1.475, 12.825],
			"rotation": {"angle": 0, "axis": "y", "origin": [4.725, 0.75, 4.3]},
			"faces": {
				"north": {"uv": [0, 0, 0.6, 0.35], "rotation": 90, "texture": "#2"},
				"east": {"uv": [0, 0, 0.6, 0.35], "rotation": 90, "texture": "#2"},
				"south": {"uv": [0, 0, 0.6, 0.35], "rotation": 90, "texture": "#2"},
				"west": {"uv": [0, 0, 0.6, 0.35], "rotation": 90, "texture": "#2"},
				"up": {"uv": [0, 0, 16, 16], "texture": "#2"},
				"down": {"uv": [0, 0, 0.6, 0.35], "rotation": 90, "texture": "#2"}
			}
		},
		{
			"from": [4, 1.2, 12],
			"to": [4.05, 1.4, 12.6],
			"rotation": {"angle": 0, "axis": "y", "origin": [3.925, 0.925, 4.3]},
			"faces": {
				"north": {"uv": [0, 0, 0.05, 0.2], "texture": "#2"},
				"east": {"uv": [0, 0, 0.05, 0.2], "texture": "#2"},
				"south": {"uv": [0, 0, 0.05, 0.2], "texture": "#2"},
				"west": {"uv": [0, 0, 16, 16], "texture": "#2"},
				"up": {"uv": [0, 0, 0.05, 0.2], "texture": "#2"},
				"down": {"uv": [0, 0, 0.05, 0.2], "texture": "#2"}
			}
		},
		{
			"from": [4.3, 1.2, 12],
			"to": [4.35, 1.4, 12.6],
			"rotation": {"angle": 0, "axis": "y", "origin": [3.925, 0.925, 4.3]},
			"faces": {
				"north": {"uv": [0, 0, 0.6, 0.2], "texture": "#2"},
				"east": {"uv": [0, 0, 16, 16], "texture": "#2"},
				"south": {"uv": [0, 0, 0.6, 0.2], "texture": "#2"},
				"west": {"uv": [0, 0, 0.6, 0.2], "texture": "#2"},
				"up": {"uv": [0, 0, 0.6, 0.2], "texture": "#2"},
				"down": {"uv": [0, 0, 0.6, 0.2], "texture": "#2"}
			}
		},
		{
			"name": "octagon",
			"from": [-0.15906, 1.4, 2.39264],
			"to": [0.02378, 1.675, 2.69264],
			"rotation": {"angle": 45, "axis": "y", "origin": [4.175, 4, -1.7]},
			"faces": {
				"north": {"uv": [0, 0, 1, 1], "texture": "#2"},
				"east": {"uv": [0, 0, 1, 1], "texture": "#2"},
				"south": {"uv": [0, 0, 1, 1], "texture": "#2"},
				"west": {"uv": [0, 0, 1, 1], "texture": "#2"},
				"up": {"uv": [0, 0, 16, 16], "texture": "#2"},
				"down": {"uv": [0, 0, 1, 1], "texture": "#2"}
			}
		},
		{
			"name": "octagon",
			"from": [4.08358, 1.4, 4.15],
			"to": [4.26642, 1.675, 4.45],
			"rotation": {"angle": 0, "axis": "y", "origin": [4.175, 4, -1.7]},
			"faces": {
				"north": {"uv": [0, 0, 1, 1], "texture": "#2"},
				"east": {"uv": [0, 0, 1, 1], "texture": "#2"},
				"south": {"uv": [0, 0, 1, 1], "texture": "#2"},
				"west": {"uv": [0, 0, 1, 1], "texture": "#2"},
				"up": {"uv": [0, 0, 16, 16], "texture": "#2"},
				"down": {"uv": [0, 0, 1, 1], "texture": "#2"}
			}
		},
		{
			"name": "octagon",
			"from": [-0.21764, 1.4, 2.45122],
			"to": [0.08236, 1.675, 2.63406],
			"rotation": {"angle": 45, "axis": "y", "origin": [4.175, 4, -1.7]},
			"faces": {
				"north": {"uv": [0, 0, 1, 1], "texture": "#2"},
				"east": {"uv": [0, 0, 1, 1], "texture": "#2"},
				"south": {"uv": [0, 0, 1, 1], "texture": "#2"},
				"west": {"uv": [0, 0, 1, 1], "texture": "#2"},
				"up": {"uv": [0, 0, 16, 16], "texture": "#2"},
				"down": {"uv": [0, 0, 1, 1], "texture": "#2"}
			}
		},
		{
			"name": "octagon",
			"from": [4.025, 1.4, 4.20858],
			"to": [4.325, 1.675, 4.39142],
			"rotation": {"angle": 0, "axis": "y", "origin": [4.175, 4, -1.7]},
			"faces": {
				"north": {"uv": [0, 0, 1, 1], "texture": "#2"},
				"east": {"uv": [0, 0, 1, 1], "texture": "#2"},
				"south": {"uv": [0, 0, 1, 1], "texture": "#2"},
				"west": {"uv": [0, 0, 1, 1], "texture": "#2"},
				"up": {"uv": [0, 0, 16, 16], "texture": "#2"},
				"down": {"uv": [0, 0, 1, 1], "texture": "#2"}
			}
		},
		{
			"name": "octagon",
			"from": [0.00736, 1.425, 2.98333],
			"to": [0.1402, 1.65, 3.23333],
			"rotation": {"angle": 45, "axis": "y", "origin": [4.175, 4, -1.7]},
			"faces": {
				"north": {"uv": [0, 0, 1, 1], "texture": "#2"},
				"east": {"uv": [0, 0, 1, 1], "texture": "#2"},
				"south": {"uv": [0, 0, 1, 1], "texture": "#2"},
				"west": {"uv": [0, 0, 1, 1], "texture": "#2"},
				"up": {"uv": [0, 0, 16, 16], "texture": "#2"},
				"down": {"uv": [0, 0, 1, 1], "texture": "#2"}
			}
		},
		{
			"name": "octagon",
			"from": [4.60858, 1.425, 4.475],
			"to": [4.74142, 1.65, 4.725],
			"rotation": {"angle": 0, "axis": "y", "origin": [4.175, 4, -1.7]},
			"faces": {
				"north": {"uv": [0, 0, 1, 1], "texture": "#2"},
				"east": {"uv": [0, 0, 1, 1], "texture": "#2"},
				"south": {"uv": [0, 0, 1, 1], "texture": "#2"},
				"west": {"uv": [0, 0, 1, 1], "texture": "#2"},
				"up": {"uv": [0, 0, 16, 16], "texture": "#2"},
				"down": {"uv": [0, 0, 1, 1], "texture": "#2"}
			}
		},
		{
			"name": "octagon",
			"from": [-0.05122, 1.425, 3.0419],
			"to": [0.19878, 1.65, 3.17475],
			"rotation": {"angle": 45, "axis": "y", "origin": [4.175, 4, -1.7]},
			"faces": {
				"north": {"uv": [0, 0, 1, 1], "texture": "#2"},
				"east": {"uv": [0, 0, 1, 1], "texture": "#2"},
				"south": {"uv": [0, 0, 1, 1], "texture": "#2"},
				"west": {"uv": [0, 0, 1, 1], "texture": "#2"},
				"up": {"uv": [0, 0, 16, 16], "texture": "#2"},
				"down": {"uv": [0, 0, 1, 1], "texture": "#2"}
			}
		},
		{
			"name": "octagon",
			"from": [4.55, 1.425, 4.53358],
			"to": [4.8, 1.65, 4.66642],
			"rotation": {"angle": 0, "axis": "y", "origin": [4.175, 4, -1.7]},
			"faces": {
				"north": {"uv": [0, 0, 1, 1], "texture": "#2"},
				"east": {"uv": [0, 0, 1, 1], "texture": "#2"},
				"south": {"uv": [0, 0, 1, 1], "texture": "#2"},
				"west": {"uv": [0, 0, 1, 1], "texture": "#2"},
				"up": {"uv": [0, 0, 16, 16], "texture": "#2"},
				"down": {"uv": [0, 0, 1, 1], "texture": "#2"}
			}
		},
		{
			"name": "octagon",
			"from": [0.43162, 1.425, 2.55906],
			"to": [0.56447, 1.65, 2.80906],
			"rotation": {"angle": 45, "axis": "y", "origin": [4.175, 4, -1.7]},
			"faces": {
				"north": {"uv": [0, 0, 1, 1], "texture": "#2"},
				"east": {"uv": [0, 0, 1, 1], "texture": "#2"},
				"south": {"uv": [0, 0, 1, 1], "texture": "#2"},
				"west": {"uv": [0, 0, 1, 1], "texture": "#2"},
				"up": {"uv": [0, 0, 16, 16], "texture": "#2"},
				"down": {"uv": [0, 0, 1, 1], "texture": "#2"}
			}
		},
		{
			"name": "octagon",
			"from": [4.60858, 1.425, 3.875],
			"to": [4.74142, 1.65, 4.125],
			"rotation": {"angle": 0, "axis": "y", "origin": [4.175, 4, -1.7]},
			"faces": {
				"north": {"uv": [0, 0, 1, 1], "texture": "#2"},
				"east": {"uv": [0, 0, 1, 1], "texture": "#2"},
				"south": {"uv": [0, 0, 1, 1], "texture": "#2"},
				"west": {"uv": [0, 0, 1, 1], "texture": "#2"},
				"up": {"uv": [0, 0, 16, 16], "texture": "#2"},
				"down": {"uv": [0, 0, 1, 1], "texture": "#2"}
			}
		},
		{
			"name": "octagon",
			"from": [0.37304, 1.425, 2.61764],
			"to": [0.62304, 1.65, 2.75048],
			"rotation": {"angle": 45, "axis": "y", "origin": [4.175, 4, -1.7]},
			"faces": {
				"north": {"uv": [0, 0, 1, 1], "texture": "#2"},
				"east": {"uv": [0, 0, 1, 1], "texture": "#2"},
				"south": {"uv": [0, 0, 1, 1], "texture": "#2"},
				"west": {"uv": [0, 0, 1, 1], "texture": "#2"},
				"up": {"uv": [0, 0, 16, 16], "texture": "#2"},
				"down": {"uv": [0, 0, 1, 1], "texture": "#2"}
			}
		},
		{
			"name": "octagon",
			"from": [4.55, 1.425, 3.93358],
			"to": [4.8, 1.65, 4.06642],
			"rotation": {"angle": 0, "axis": "y", "origin": [4.175, 4, -1.7]},
			"faces": {
				"north": {"uv": [0, 0, 1, 1], "texture": "#2"},
				"east": {"uv": [0, 0, 1, 1], "texture": "#2"},
				"south": {"uv": [0, 0, 1, 1], "texture": "#2"},
				"west": {"uv": [0, 0, 1, 1], "texture": "#2"},
				"up": {"uv": [0, 0, 16, 16], "texture": "#2"},
				"down": {"uv": [0, 0, 1, 1], "texture": "#2"}
			}
		},
		{
			"from": [4.025, 1.1, 3.3],
			"to": [5.275, 1.3, 5.3],
			"rotation": {"angle": 0, "axis": "y", "origin": [0.175, 0, -5.7]},
			"faces": {
				"north": {"uv": [0, 0, 16, 16], "texture": "#2"},
				"east": {"uv": [0, 0, 16, 16], "texture": "#2"},
				"south": {"uv": [0, 0, 16, 16], "texture": "#2"},
				"west": {"uv": [0, 0, 16, 16], "texture": "#2"},
				"up": {"uv": [0, 0, 16, 16], "texture": "#2"},
				"down": {"uv": [0, 0, 16, 16], "texture": "#2"}
			}
		},
		{
			"from": [4, 1.2, 3.4],
			"to": [4.375, 1.425, 5.125],
			"rotation": {"angle": 0, "axis": "y", "origin": [4.725, 0.75, -3.7]},
			"faces": {
				"north": {"uv": [11.9, 14.8, 12.1, 15], "rotation": 90, "texture": "#2"},
				"east": {"uv": [5.4, 14.8, 6.6, 15], "texture": "#2"},
				"south": {"uv": [3.9, 14.8, 4.1, 15], "rotation": 90, "texture": "#2"},
				"west": {"uv": [0, 0, 0.2, 1.2], "rotation": 90, "texture": "#2"},
				"up": {"uv": [0, 0, 16, 16], "texture": "#2"},
				"down": {"uv": [0, 0, 0.2, 1.2], "rotation": 90, "texture": "#2"}
			}
		},
		{
			"from": [4, 1.275, 3.825],
			"to": [4.425, 1.475, 4.825],
			"rotation": {"angle": 0, "axis": "y", "origin": [4.725, 0.75, -3.7]},
			"faces": {
				"north": {"uv": [0, 0, 0.6, 0.35], "rotation": 90, "texture": "#2"},
				"east": {"uv": [0, 0, 0.6, 0.35], "rotation": 90, "texture": "#2"},
				"south": {"uv": [0, 0, 0.6, 0.35], "rotation": 90, "texture": "#2"},
				"west": {"uv": [0, 0, 0.6, 0.35], "rotation": 90, "texture": "#2"},
				"up": {"uv": [0, 0, 16, 16], "texture": "#2"},
				"down": {"uv": [0, 0, 0.6, 0.35], "rotation": 90, "texture": "#2"}
			}
		},
		{
			"from": [4, 1.2, 4],
			"to": [4.05, 1.4, 4.6],
			"rotation": {"angle": 0, "axis": "y", "origin": [3.925, 0.925, -3.7]},
			"faces": {
				"north": {"uv": [0, 0, 0.05, 0.2], "texture": "#2"},
				"east": {"uv": [0, 0, 0.05, 0.2], "texture": "#2"},
				"south": {"uv": [0, 0, 0.05, 0.2], "texture": "#2"},
				"west": {"uv": [0, 0, 16, 16], "texture": "#2"},
				"up": {"uv": [0, 0, 0.05, 0.2], "texture": "#2"},
				"down": {"uv": [0, 0, 0.05, 0.2], "texture": "#2"}
			}
		},
		{
			"from": [4.3, 1.2, 4],
			"to": [4.35, 1.4, 4.6],
			"rotation": {"angle": 0, "axis": "y", "origin": [3.925, 0.925, -3.7]},
			"faces": {
				"north": {"uv": [0, 0, 0.6, 0.2], "texture": "#2"},
				"east": {"uv": [0, 0, 16, 16], "texture": "#2"},
				"south": {"uv": [0, 0, 0.6, 0.2], "texture": "#2"},
				"west": {"uv": [0, 0, 0.6, 0.2], "texture": "#2"},
				"up": {"uv": [0, 0, 0.6, 0.2], "texture": "#2"},
				"down": {"uv": [0, 0, 0.6, 0.2], "texture": "#2"}
			}
		},
		{
			"name": "octagon",
			"from": [11.65732, 1.4, 4.27375],
			"to": [11.84016, 1.675, 4.57375],
			"rotation": {"angle": 45, "axis": "y", "origin": [11.625, 1.36875, 4.3]},
			"faces": {
				"north": {"uv": [0, 0, 1, 1], "texture": "#2"},
				"east": {"uv": [0, 0, 1, 1], "texture": "#2"},
				"south": {"uv": [0, 0, 1, 1], "texture": "#2"},
				"west": {"uv": [0, 0, 1, 1], "texture": "#2"},
				"up": {"uv": [0, 0, 16, 16], "rotation": 180, "texture": "#2"},
				"down": {"uv": [0, 0, 1, 1], "rotation": 180, "texture": "#2"}
			}
		},
		{
			"name": "octagon",
			"from": [11.70858, 1.4, 4.15],
			"to": [11.89142, 1.675, 4.45],
			"rotation": {"angle": 0, "axis": "y", "origin": [11.625, 1.36875, 4.3]},
			"faces": {
				"north": {"uv": [0, 0, 1, 1], "texture": "#2"},
				"east": {"uv": [0, 0, 1, 1], "texture": "#2"},
				"south": {"uv": [0, 0, 1, 1], "texture": "#2"},
				"west": {"uv": [0, 0, 1, 1], "texture": "#2"},
				"up": {"uv": [0, 0, 16, 16], "rotation": 180, "texture": "#2"},
				"down": {"uv": [0, 0, 1, 1], "rotation": 180, "texture": "#2"}
			}
		},
		{
			"name": "octagon",
			"from": [11.59874, 1.4, 4.33233],
			"to": [11.89874, 1.675, 4.51517],
			"rotation": {"angle": 45, "axis": "y", "origin": [11.625, 1.36875, 4.3]},
			"faces": {
				"north": {"uv": [0, 0, 1, 1], "texture": "#2"},
				"east": {"uv": [0, 0, 1, 1], "texture": "#2"},
				"south": {"uv": [0, 0, 1, 1], "texture": "#2"},
				"west": {"uv": [0, 0, 1, 1], "texture": "#2"},
				"up": {"uv": [0, 0, 16, 16], "rotation": 180, "texture": "#2"},
				"down": {"uv": [0, 0, 1, 1], "rotation": 180, "texture": "#2"}
			}
		},
		{
			"name": "octagon",
			"from": [11.65, 1.4, 4.20858],
			"to": [11.95, 1.675, 4.39142],
			"rotation": {"angle": 0, "axis": "y", "origin": [11.625, 1.36875, 4.3]},
			"faces": {
				"north": {"uv": [0, 0, 1, 1], "texture": "#2"},
				"east": {"uv": [0, 0, 1, 1], "texture": "#2"},
				"south": {"uv": [0, 0, 1, 1], "texture": "#2"},
				"west": {"uv": [0, 0, 1, 1], "texture": "#2"},
				"up": {"uv": [0, 0, 16, 16], "rotation": 180, "texture": "#2"},
				"down": {"uv": [0, 0, 1, 1], "rotation": 180, "texture": "#2"}
			}
		},
		{
			"name": "octagon",
			"from": [11.5409, 1.425, 3.73306],
			"to": [11.67374, 1.65, 3.98306],
			"rotation": {"angle": 45, "axis": "y", "origin": [11.625, 1.36875, 4.3]},
			"faces": {
				"north": {"uv": [0, 0, 1, 1], "texture": "#2"},
				"east": {"uv": [0, 0, 1, 1], "texture": "#2"},
				"south": {"uv": [0, 0, 1, 1], "texture": "#2"},
				"west": {"uv": [0, 0, 1, 1], "texture": "#2"},
				"up": {"uv": [0, 0, 16, 16], "rotation": 180, "texture": "#2"},
				"down": {"uv": [0, 0, 1, 1], "rotation": 180, "texture": "#2"}
			}
		},
		{
			"name": "octagon",
			"from": [11.23358, 1.425, 3.875],
			"to": [11.36642, 1.65, 4.125],
			"rotation": {"angle": 0, "axis": "y", "origin": [11.625, 1.36875, 4.3]},
			"faces": {
				"north": {"uv": [0, 0, 1, 1], "texture": "#2"},
				"east": {"uv": [0, 0, 1, 1], "texture": "#2"},
				"south": {"uv": [0, 0, 1, 1], "texture": "#2"},
				"west": {"uv": [0, 0, 1, 1], "texture": "#2"},
				"up": {"uv": [0, 0, 16, 16], "rotation": 180, "texture": "#2"},
				"down": {"uv": [0, 0, 1, 1], "rotation": 180, "texture": "#2"}
			}
		},
		{
			"name": "octagon",
			"from": [11.48232, 1.425, 3.79164],
			"to": [11.73232, 1.65, 3.92449],
			"rotation": {"angle": 45, "axis": "y", "origin": [11.625, 1.36875, 4.3]},
			"faces": {
				"north": {"uv": [0, 0, 1, 1], "texture": "#2"},
				"east": {"uv": [0, 0, 1, 1], "texture": "#2"},
				"south": {"uv": [0, 0, 1, 1], "texture": "#2"},
				"west": {"uv": [0, 0, 1, 1], "texture": "#2"},
				"up": {"uv": [0, 0, 16, 16], "rotation": 180, "texture": "#2"},
				"down": {"uv": [0, 0, 1, 1], "rotation": 180, "texture": "#2"}
			}
		},
		{
			"name": "octagon",
			"from": [11.175, 1.425, 3.93358],
			"to": [11.425, 1.65, 4.06642],
			"rotation": {"angle": 0, "axis": "y", "origin": [11.625, 1.36875, 4.3]},
			"faces": {
				"north": {"uv": [0, 0, 1, 1], "texture": "#2"},
				"east": {"uv": [0, 0, 1, 1], "texture": "#2"},
				"south": {"uv": [0, 0, 1, 1], "texture": "#2"},
				"west": {"uv": [0, 0, 1, 1], "texture": "#2"},
				"up": {"uv": [0, 0, 16, 16], "rotation": 180, "texture": "#2"},
				"down": {"uv": [0, 0, 1, 1], "rotation": 180, "texture": "#2"}
			}
		},
		{
			"name": "octagon",
			"from": [11.11663, 1.425, 4.15733],
			"to": [11.24948, 1.65, 4.40733],
			"rotation": {"angle": 45, "axis": "y", "origin": [11.625, 1.36875, 4.3]},
			"faces": {
				"north": {"uv": [0, 0, 1, 1], "texture": "#2"},
				"east": {"uv": [0, 0, 1, 1], "texture": "#2"},
				"south": {"uv": [0, 0, 1, 1], "texture": "#2"},
				"west": {"uv": [0, 0, 1, 1], "texture": "#2"},
				"up": {"uv": [0, 0, 16, 16], "rotation": 180, "texture": "#2"},
				"down": {"uv": [0, 0, 1, 1], "rotation": 180, "texture": "#2"}
			}
		},
		{
			"name": "octagon",
			"from": [11.23358, 1.425, 4.475],
			"to": [11.36642, 1.65, 4.725],
			"rotation": {"angle": 0, "axis": "y", "origin": [11.625, 1.36875, 4.3]},
			"faces": {
				"north": {"uv": [0, 0, 1, 1], "texture": "#2"},
				"east": {"uv": [0, 0, 1, 1], "texture": "#2"},
				"south": {"uv": [0, 0, 1, 1], "texture": "#2"},
				"west": {"uv": [0, 0, 1, 1], "texture": "#2"},
				"up": {"uv": [0, 0, 16, 16], "rotation": 180, "texture": "#2"},
				"down": {"uv": [0, 0, 1, 1], "rotation": 180, "texture": "#2"}
			}
		},
		{
			"name": "octagon",
			"from": [11.05806, 1.425, 4.21591],
			"to": [11.30806, 1.65, 4.34875],
			"rotation": {"angle": 45, "axis": "y", "origin": [11.625, 1.36875, 4.3]},
			"faces": {
				"north": {"uv": [0, 0, 1, 1], "texture": "#2"},
				"east": {"uv": [0, 0, 1, 1], "texture": "#2"},
				"south": {"uv": [0, 0, 1, 1], "texture": "#2"},
				"west": {"uv": [0, 0, 1, 1], "texture": "#2"},
				"up": {"uv": [0, 0, 16, 16], "rotation": 180, "texture": "#2"},
				"down": {"uv": [0, 0, 1, 1], "rotation": 180, "texture": "#2"}
			}
		},
		{
			"name": "octagon",
			"from": [11.175, 1.425, 4.53358],
			"to": [11.425, 1.65, 4.66642],
			"rotation": {"angle": 0, "axis": "y", "origin": [11.625, 1.36875, 4.3]},
			"faces": {
				"north": {"uv": [0, 0, 1, 1], "texture": "#2"},
				"east": {"uv": [0, 0, 1, 1], "texture": "#2"},
				"south": {"uv": [0, 0, 1, 1], "texture": "#2"},
				"west": {"uv": [0, 0, 1, 1], "texture": "#2"},
				"up": {"uv": [0, 0, 16, 16], "rotation": 180, "texture": "#2"},
				"down": {"uv": [0, 0, 1, 1], "rotation": 180, "texture": "#2"}
			}
		},
		{
			"from": [10.7, 1.1, 3.3],
			"to": [11.95, 1.3, 5.3],
			"rotation": {"angle": 0, "axis": "y", "origin": [11.625, 1.36875, 4.3]},
			"faces": {
				"north": {"uv": [0, 0, 16, 16], "texture": "#2"},
				"east": {"uv": [0, 0, 16, 16], "texture": "#2"},
				"south": {"uv": [0, 0, 16, 16], "texture": "#2"},
				"west": {"uv": [0, 0, 16, 16], "texture": "#2"},
				"up": {"uv": [0, 0, 16, 16], "rotation": 180, "texture": "#2"},
				"down": {"uv": [0, 0, 16, 16], "rotation": 180, "texture": "#2"}
			}
		},
		{
			"from": [11.6, 1.2, 3.475],
			"to": [11.975, 1.425, 5.2],
			"rotation": {"angle": 0, "axis": "y", "origin": [11.625, 1.36875, 4.3]},
			"faces": {
				"north": {"uv": [3.9, 14.8, 4.1, 15], "rotation": 90, "texture": "#2"},
				"east": {"uv": [0, 0, 0.2, 1.2], "rotation": 90, "texture": "#2"},
				"south": {"uv": [11.9, 14.8, 12.1, 15], "rotation": 90, "texture": "#2"},
				"west": {"uv": [5.4, 14.8, 6.6, 15], "texture": "#2"},
				"up": {"uv": [0, 0, 16, 16], "rotation": 180, "texture": "#2"},
				"down": {"uv": [0, 0, 0.2, 1.2], "rotation": 270, "texture": "#2"}
			}
		},
		{
			"from": [11.55, 1.275, 3.775],
			"to": [11.975, 1.475, 4.775],
			"rotation": {"angle": 0, "axis": "y", "origin": [11.625, 1.36875, 4.3]},
			"faces": {
				"north": {"uv": [0, 0, 0.6, 0.35], "rotation": 90, "texture": "#2"},
				"east": {"uv": [0, 0, 0.6, 0.35], "rotation": 90, "texture": "#2"},
				"south": {"uv": [0, 0, 0.6, 0.35], "rotation": 90, "texture": "#2"},
				"west": {"uv": [0, 0, 0.6, 0.35], "rotation": 90, "texture": "#2"},
				"up": {"uv": [0, 0, 16, 16], "rotation": 180, "texture": "#2"},
				"down": {"uv": [0, 0, 0.6, 0.35], "rotation": 270, "texture": "#2"}
			}
		},
		{
			"from": [11.925, 1.2, 4],
			"to": [11.975, 1.4, 4.6],
			"rotation": {"angle": 0, "axis": "y", "origin": [11.625, 1.36875, 4.3]},
			"faces": {
				"north": {"uv": [0, 0, 0.05, 0.2], "texture": "#2"},
				"east": {"uv": [0, 0, 16, 16], "texture": "#2"},
				"south": {"uv": [0, 0, 0.05, 0.2], "texture": "#2"},
				"west": {"uv": [0, 0, 0.05, 0.2], "texture": "#2"},
				"up": {"uv": [0, 0, 0.05, 0.2], "rotation": 180, "texture": "#2"},
				"down": {"uv": [0, 0, 0.05, 0.2], "rotation": 180, "texture": "#2"}
			}
		},
		{
			"from": [11.625, 1.2, 4],
			"to": [11.675, 1.4, 4.6],
			"rotation": {"angle": 0, "axis": "y", "origin": [11.625, 1.36875, 4.3]},
			"faces": {
				"north": {"uv": [0, 0, 0.6, 0.2], "texture": "#2"},
				"east": {"uv": [0, 0, 0.6, 0.2], "texture": "#2"},
				"south": {"uv": [0, 0, 0.6, 0.2], "texture": "#2"},
				"west": {"uv": [0, 0, 16, 16], "texture": "#2"},
				"up": {"uv": [0, 0, 0.6, 0.2], "rotation": 180, "texture": "#2"},
				"down": {"uv": [0, 0, 0.6, 0.2], "rotation": 180, "texture": "#2"}
			}
		},
		{
			"name": "octagon",
			"from": [11.65732, 1.4, 12.29875],
			"to": [11.84016, 1.675, 12.59875],
			"rotation": {"angle": 45, "axis": "y", "origin": [11.625, 1.36875, 12.325]},
			"faces": {
				"north": {"uv": [0, 0, 1, 1], "texture": "#2"},
				"east": {"uv": [0, 0, 1, 1], "texture": "#2"},
				"south": {"uv": [0, 0, 1, 1], "texture": "#2"},
				"west": {"uv": [0, 0, 1, 1], "texture": "#2"},
				"up": {"uv": [0, 0, 16, 16], "rotation": 180, "texture": "#2"},
				"down": {"uv": [0, 0, 1, 1], "rotation": 180, "texture": "#2"}
			}
		},
		{
			"name": "octagon",
			"from": [11.70858, 1.4, 12.175],
			"to": [11.89142, 1.675, 12.475],
			"rotation": {"angle": 0, "axis": "y", "origin": [11.625, 1.36875, 12.325]},
			"faces": {
				"north": {"uv": [0, 0, 1, 1], "texture": "#2"},
				"east": {"uv": [0, 0, 1, 1], "texture": "#2"},
				"south": {"uv": [0, 0, 1, 1], "texture": "#2"},
				"west": {"uv": [0, 0, 1, 1], "texture": "#2"},
				"up": {"uv": [0, 0, 16, 16], "rotation": 180, "texture": "#2"},
				"down": {"uv": [0, 0, 1, 1], "rotation": 180, "texture": "#2"}
			}
		},
		{
			"name": "octagon",
			"from": [11.59874, 1.4, 12.35733],
			"to": [11.89874, 1.675, 12.54017],
			"rotation": {"angle": 45, "axis": "y", "origin": [11.625, 1.36875, 12.325]},
			"faces": {
				"north": {"uv": [0, 0, 1, 1], "texture": "#2"},
				"east": {"uv": [0, 0, 1, 1], "texture": "#2"},
				"south": {"uv": [0, 0, 1, 1], "texture": "#2"},
				"west": {"uv": [0, 0, 1, 1], "texture": "#2"},
				"up": {"uv": [0, 0, 16, 16], "rotation": 180, "texture": "#2"},
				"down": {"uv": [0, 0, 1, 1], "rotation": 180, "texture": "#2"}
			}
		},
		{
			"name": "octagon",
			"from": [11.65, 1.4, 12.23358],
			"to": [11.95, 1.675, 12.41642],
			"rotation": {"angle": 0, "axis": "y", "origin": [11.625, 1.36875, 12.325]},
			"faces": {
				"north": {"uv": [0, 0, 1, 1], "texture": "#2"},
				"east": {"uv": [0, 0, 1, 1], "texture": "#2"},
				"south": {"uv": [0, 0, 1, 1], "texture": "#2"},
				"west": {"uv": [0, 0, 1, 1], "texture": "#2"},
				"up": {"uv": [0, 0, 16, 16], "rotation": 180, "texture": "#2"},
				"down": {"uv": [0, 0, 1, 1], "rotation": 180, "texture": "#2"}
			}
		},
		{
			"name": "octagon",
			"from": [11.5409, 1.425, 11.75806],
			"to": [11.67374, 1.65, 12.00806],
			"rotation": {"angle": 45, "axis": "y", "origin": [11.625, 1.36875, 12.325]},
			"faces": {
				"north": {"uv": [0, 0, 1, 1], "texture": "#2"},
				"east": {"uv": [0, 0, 1, 1], "texture": "#2"},
				"south": {"uv": [0, 0, 1, 1], "texture": "#2"},
				"west": {"uv": [0, 0, 1, 1], "texture": "#2"},
				"up": {"uv": [0, 0, 16, 16], "rotation": 180, "texture": "#2"},
				"down": {"uv": [0, 0, 1, 1], "rotation": 180, "texture": "#2"}
			}
		},
		{
			"name": "octagon",
			"from": [11.23358, 1.425, 11.9],
			"to": [11.36642, 1.65, 12.15],
			"rotation": {"angle": 0, "axis": "y", "origin": [11.625, 1.36875, 12.325]},
			"faces": {
				"north": {"uv": [0, 0, 1, 1], "texture": "#2"},
				"east": {"uv": [0, 0, 1, 1], "texture": "#2"},
				"south": {"uv": [0, 0, 1, 1], "texture": "#2"},
				"west": {"uv": [0, 0, 1, 1], "texture": "#2"},
				"up": {"uv": [0, 0, 16, 16], "rotation": 180, "texture": "#2"},
				"down": {"uv": [0, 0, 1, 1], "rotation": 180, "texture": "#2"}
			}
		},
		{
			"name": "octagon",
			"from": [11.48232, 1.425, 11.81664],
			"to": [11.73232, 1.65, 11.94949],
			"rotation": {"angle": 45, "axis": "y", "origin": [11.625, 1.36875, 12.325]},
			"faces": {
				"north": {"uv": [0, 0, 1, 1], "texture": "#2"},
				"east": {"uv": [0, 0, 1, 1], "texture": "#2"},
				"south": {"uv": [0, 0, 1, 1], "texture": "#2"},
				"west": {"uv": [0, 0, 1, 1], "texture": "#2"},
				"up": {"uv": [0, 0, 16, 16], "rotation": 180, "texture": "#2"},
				"down": {"uv": [0, 0, 1, 1], "rotation": 180, "texture": "#2"}
			}
		},
		{
			"name": "octagon",
			"from": [11.175, 1.425, 11.95858],
			"to": [11.425, 1.65, 12.09142],
			"rotation": {"angle": 0, "axis": "y", "origin": [11.625, 1.36875, 12.325]},
			"faces": {
				"north": {"uv": [0, 0, 1, 1], "texture": "#2"},
				"east": {"uv": [0, 0, 1, 1], "texture": "#2"},
				"south": {"uv": [0, 0, 1, 1], "texture": "#2"},
				"west": {"uv": [0, 0, 1, 1], "texture": "#2"},
				"up": {"uv": [0, 0, 16, 16], "rotation": 180, "texture": "#2"},
				"down": {"uv": [0, 0, 1, 1], "rotation": 180, "texture": "#2"}
			}
		},
		{
			"name": "octagon",
			"from": [11.11663, 1.425, 12.18233],
			"to": [11.24948, 1.65, 12.43233],
			"rotation": {"angle": 45, "axis": "y", "origin": [11.625, 1.36875, 12.325]},
			"faces": {
				"north": {"uv": [0, 0, 1, 1], "texture": "#2"},
				"east": {"uv": [0, 0, 1, 1], "texture": "#2"},
				"south": {"uv": [0, 0, 1, 1], "texture": "#2"},
				"west": {"uv": [0, 0, 1, 1], "texture": "#2"},
				"up": {"uv": [0, 0, 16, 16], "rotation": 180, "texture": "#2"},
				"down": {"uv": [0, 0, 1, 1], "rotation": 180, "texture": "#2"}
			}
		},
		{
			"name": "octagon",
			"from": [11.23358, 1.425, 12.5],
			"to": [11.36642, 1.65, 12.75],
			"rotation": {"angle": 0, "axis": "y", "origin": [11.625, 1.36875, 12.325]},
			"faces": {
				"north": {"uv": [0, 0, 1, 1], "texture": "#2"},
				"east": {"uv": [0, 0, 1, 1], "texture": "#2"},
				"south": {"uv": [0, 0, 1, 1], "texture": "#2"},
				"west": {"uv": [0, 0, 1, 1], "texture": "#2"},
				"up": {"uv": [0, 0, 16, 16], "rotation": 180, "texture": "#2"},
				"down": {"uv": [0, 0, 1, 1], "rotation": 180, "texture": "#2"}
			}
		},
		{
			"name": "octagon",
			"from": [11.05806, 1.425, 12.24091],
			"to": [11.30806, 1.65, 12.37375],
			"rotation": {"angle": 45, "axis": "y", "origin": [11.625, 1.36875, 12.325]},
			"faces": {
				"north": {"uv": [0, 0, 1, 1], "texture": "#2"},
				"east": {"uv": [0, 0, 1, 1], "texture": "#2"},
				"south": {"uv": [0, 0, 1, 1], "texture": "#2"},
				"west": {"uv": [0, 0, 1, 1], "texture": "#2"},
				"up": {"uv": [0, 0, 16, 16], "rotation": 180, "texture": "#2"},
				"down": {"uv": [0, 0, 1, 1], "rotation": 180, "texture": "#2"}
			}
		},
		{
			"name": "octagon",
			"from": [11.175, 1.425, 12.55858],
			"to": [11.425, 1.65, 12.69142],
			"rotation": {"angle": 0, "axis": "y", "origin": [11.625, 1.36875, 12.325]},
			"faces": {
				"north": {"uv": [0, 0, 1, 1], "texture": "#2"},
				"east": {"uv": [0, 0, 1, 1], "texture": "#2"},
				"south": {"uv": [0, 0, 1, 1], "texture": "#2"},
				"west": {"uv": [0, 0, 1, 1], "texture": "#2"},
				"up": {"uv": [0, 0, 16, 16], "rotation": 180, "texture": "#2"},
				"down": {"uv": [0, 0, 1, 1], "rotation": 180, "texture": "#2"}
			}
		},
		{
			"from": [10.7, 1.1, 11.325],
			"to": [11.95, 1.3, 13.325],
			"rotation": {"angle": 0, "axis": "y", "origin": [11.625, 1.36875, 12.325]},
			"faces": {
				"north": {"uv": [0, 0, 16, 16], "texture": "#2"},
				"east": {"uv": [0, 0, 16, 16], "texture": "#2"},
				"south": {"uv": [0, 0, 16, 16], "texture": "#2"},
				"west": {"uv": [0, 0, 16, 16], "texture": "#2"},
				"up": {"uv": [0, 0, 16, 16], "rotation": 180, "texture": "#2"},
				"down": {"uv": [0, 0, 16, 16], "rotation": 180, "texture": "#2"}
			}
		},
		{
			"from": [11.6, 1.2, 11.5],
			"to": [11.975, 1.425, 13.225],
			"rotation": {"angle": 0, "axis": "y", "origin": [11.625, 1.36875, 12.325]},
			"faces": {
				"north": {"uv": [3.9, 14.8, 4.1, 15], "rotation": 90, "texture": "#2"},
				"east": {"uv": [0, 0, 0.2, 1.2], "rotation": 90, "texture": "#2"},
				"south": {"uv": [11.9, 14.8, 12.1, 15], "rotation": 90, "texture": "#2"},
				"west": {"uv": [5.4, 14.8, 6.6, 15], "texture": "#2"},
				"up": {"uv": [0, 0, 16, 16], "rotation": 180, "texture": "#2"},
				"down": {"uv": [0, 0, 0.2, 1.2], "rotation": 270, "texture": "#2"}
			}
		},
		{
			"from": [11.55, 1.275, 11.8],
			"to": [11.975, 1.475, 12.8],
			"rotation": {"angle": 0, "axis": "y", "origin": [11.625, 1.36875, 12.325]},
			"faces": {
				"north": {"uv": [0, 0, 0.6, 0.35], "rotation": 90, "texture": "#2"},
				"east": {"uv": [0, 0, 0.6, 0.35], "rotation": 90, "texture": "#2"},
				"south": {"uv": [0, 0, 0.6, 0.35], "rotation": 90, "texture": "#2"},
				"west": {"uv": [0, 0, 0.6, 0.35], "rotation": 90, "texture": "#2"},
				"up": {"uv": [0, 0, 16, 16], "rotation": 180, "texture": "#2"},
				"down": {"uv": [0, 0, 0.6, 0.35], "rotation": 270, "texture": "#2"}
			}
		},
		{
			"from": [11.925, 1.2, 12.025],
			"to": [11.975, 1.4, 12.625],
			"rotation": {"angle": 0, "axis": "y", "origin": [11.625, 1.36875, 12.325]},
			"faces": {
				"north": {"uv": [0, 0, 0.05, 0.2], "texture": "#2"},
				"east": {"uv": [0, 0, 16, 16], "texture": "#2"},
				"south": {"uv": [0, 0, 0.05, 0.2], "texture": "#2"},
				"west": {"uv": [0, 0, 0.05, 0.2], "texture": "#2"},
				"up": {"uv": [0, 0, 0.05, 0.2], "rotation": 180, "texture": "#2"},
				"down": {"uv": [0, 0, 0.05, 0.2], "rotation": 180, "texture": "#2"}
			}
		},
		{
			"from": [11.625, 1.2, 12.025],
			"to": [11.675, 1.4, 12.625],
			"rotation": {"angle": 0, "axis": "y", "origin": [11.625, 1.36875, 12.325]},
			"faces": {
				"north": {"uv": [0, 0, 0.6, 0.2], "texture": "#2"},
				"east": {"uv": [0, 0, 0.6, 0.2], "texture": "#2"},
				"south": {"uv": [0, 0, 0.6, 0.2], "texture": "#2"},
				"west": {"uv": [0, 0, 16, 16], "texture": "#2"},
				"up": {"uv": [0, 0, 0.6, 0.2], "rotation": 180, "texture": "#2"},
				"down": {"uv": [0, 0, 0.6, 0.2], "rotation": 180, "texture": "#2"}
			}
		}
	],
	"groups": [
		0,
		1,
		2,
		3,
		{
			"name": "bevesteging",
			"origin": [8, 8, 8],
			"color": 0,
			"children": [
				{
					"name": "octagon",
					"origin": [8, 8, 8],
					"color": 0,
					"children": [4, 5, 6, 7]
				},
				{
					"name": "octagon",
					"origin": [8, 8, 8],
					"color": 0,
					"children": [8, 9, 10, 11]
				},
				{
					"name": "octagon",
					"origin": [8, 8, 8],
					"color": 0,
					"children": [12, 13, 14, 15]
				},
				16,
				17,
				18,
				19,
				20
			]
		},
		{
			"name": "bevesteging",
			"origin": [8, 8, 8],
			"color": 0,
			"children": [
				{
					"name": "octagon",
					"origin": [8, 8, 8],
					"color": 0,
					"children": [21, 22, 23, 24]
				},
				{
					"name": "octagon",
					"origin": [8, 8, 8],
					"color": 0,
					"children": [25, 26, 27, 28]
				},
				{
					"name": "octagon",
					"origin": [8, 8, 8],
					"color": 0,
					"children": [29, 30, 31, 32]
				},
				33,
				34,
				35,
				36,
				37
			]
		},
		{
			"name": "bevesteging",
			"origin": [8, 8, 8],
			"color": 0,
			"children": [
				{
					"name": "octagon",
					"origin": [8, 8, 8],
					"color": 0,
					"children": [38, 39, 40, 41]
				},
				{
					"name": "octagon",
					"origin": [8, 8, 8],
					"color": 0,
					"children": [42, 43, 44, 45]
				},
				{
					"name": "octagon",
					"origin": [8, 8, 8],
					"color": 0,
					"children": [46, 47, 48, 49]
				},
				50,
				51,
				52,
				53,
				54
			]
		},
		{
			"name": "bevesteging",
			"origin": [8, 8, 8],
			"color": 0,
			"children": [
				{
					"name": "octagon",
					"origin": [8, 8, 8],
					"color": 0,
					"children": [55, 56, 57, 58]
				},
				{
					"name": "octagon",
					"origin": [8, 8, 8],
					"color": 0,
					"children": [59, 60, 61, 62]
				},
				{
					"name": "octagon",
					"origin": [8, 8, 8],
					"color": 0,
					"children": [63, 64, 65, 66]
				},
				67,
				68,
				69,
				70,
				71
			]
		}
	]
}