{   "parent": "block/block",
    "textures": {
        "particle": "#side"
    },
    "elements": [
        {   "from": [ 0, 0, 0 ],
            "to": [ 16, 8, 16 ],
            "faces": {
                "down":  { "uv": [ 0, 0, 16, 16 ], "texture": "#bottom", "cullface": "down", "tintindex": 0   },
                "up":    { "uv": [ 0, 0, 16, 16 ], "texture": "#top", "tintindex": 0   },
                "north": { "uv": [ 0, 8, 16, 16 ], "texture": "#side", "cullface": "north", "tintindex": 0   },
                "south": { "uv": [ 0, 8, 16, 16 ], "texture": "#side", "cullface": "south", "tintindex": 0   },
                "west":  { "uv": [ 0, 8, 16, 16 ], "texture": "#side", "cullface": "west", "tintindex": 0   },
                "east":  { "uv": [ 0, 8, 16, 16 ], "texture": "#side", "cullface": "east", "tintindex": 0   }
            }
        }
    ]
}
