{
	"credit": "Made with Blockbench",
	"parent": "block/block",
	"textures": {
		"particle": "#side"
	},
	"elements": [
		{
			"from": [0, 0, 0],
			"to": [16, 8, 16],
			"faces": {
				"north": {"uv": [0, 8, 16, 16], "texture": "#side", "cullface": "north", "tintindex": 0},
				"east": {"uv": [0, 8, 16, 16], "texture": "#side", "cullface": "east", "tintindex": 0},
				"south": {"uv": [0, 8, 16, 16], "texture": "#side", "cullface": "south", "tintindex": 0},
				"west": {"uv": [0, 8, 16, 16], "texture": "#side", "cullface": "west", "tintindex": 0},
				"up": {"uv": [0, 0, 16, 16], "texture": "#top", "tintindex": 0},
				"down": {"uv": [0, 0, 16, 16], "texture": "#bottom", "cullface": "down", "tintindex": 0}
			}
		},
		{
			"from": [8, 8, 0],
			"to": [16, 16, 16],
			"faces": {
				"north": {"uv": [0, 0, 8, 8], "texture": "#side", "cullface": "north", "tintindex": 0},
				"east": {"uv": [0, 0, 16, 8], "texture": "#side", "cullface": "east", "tintindex": 0},
				"south": {"uv": [8, 0, 16, 8], "texture": "#side", "cullface": "south", "tintindex": 0},
				"west": {"uv": [0, 0, 16, 8], "texture": "#side", "tintindex": 0},
				"up": {"uv": [8, 0, 16, 16], "texture": "#top", "cullface": "up", "tintindex": 0}
			}
		}
	],
	"display": {
		"thirdperson_lefthand": {
			"rotation": [75, -135, 0],
			"translation": [0, 2.5, 0],
			"scale": [0.375, 0.375, 0.375]
		},
		"gui": {
			"rotation": [30, 135, 0],
			"scale": [0.625, 0.625, 0.625]
		},
		"head": {
			"rotation": [0, -90, 0]
		}
	}
}