{
	"credit": "Made with Blockbench",
	"ambientocclusion": false,
	"textures": {
		"particle": "block/sugar_cane",
		"cross": "block/sugar_cane"
	},
	"elements": [
		{
			"from": [13.5, 0, 2],
			"to": [14.5, 16, 3],
			"shade": false,
			"rotation": {"angle": 0, "axis": "y", "origin": [14, 0, 2.5]},
			"faces": {
				"north": {"uv": [1, 0, 3, 16], "texture": "#cross", "tintindex": 0},
				"east": {"uv": [1, 0, 3, 16], "texture": "#cross", "tintindex": 0},
				"south": {"uv": [1, 0, 3, 16], "texture": "#cross", "tintindex": 0},
				"west": {"uv": [1, 0, 3, 16], "texture": "#cross", "tintindex": 0},
				"up": {"uv": [13, 0, 14.5, 1.5], "texture": "#cross", "tintindex": 0},
				"down": {"uv": [1, 0, 2.5, 1.5], "texture": "#cross", "tintindex": 0}
			}
		},
		{
			"from": [9, -4, 4.5],
			"to": [10.5, 12, 6],
			"shade": false,
			"rotation": {"angle": 0, "axis": "y", "origin": [9.75, 0, 5.25]},
			"faces": {
				"north": {"uv": [5, 0, 7, 16], "texture": "#cross", "tintindex": 0},
				"east": {"uv": [5, 0, 7, 16], "texture": "#cross", "tintindex": 0},
				"south": {"uv": [5, 0, 7, 16], "texture": "#cross", "tintindex": 0},
				"west": {"uv": [5, 0, 7, 16], "texture": "#cross", "tintindex": 0},
				"up": {"uv": [9, 0, 10.5, 1.5], "texture": "#cross", "tintindex": 0},
				"down": {"uv": [5, 0, 6.5, 1.5], "texture": "#cross", "tintindex": 0}
			}
		},
		{
			"from": [5, 0, 5.5],
			"to": [6, 16, 6.5],
			"shade": false,
			"rotation": {"angle": 0, "axis": "y", "origin": [5.5, 0, 6]},
			"faces": {
				"north": {"uv": [9, 0, 11, 16], "texture": "#cross", "tintindex": 0},
				"east": {"uv": [9, 0, 11, 16], "texture": "#cross", "tintindex": 0},
				"south": {"uv": [9, 0, 11, 16], "texture": "#cross", "tintindex": 0},
				"west": {"uv": [9, 0, 11, 16], "texture": "#cross", "tintindex": 0},
				"up": {"uv": [5, 0, 6.5, 1.5], "texture": "#cross", "tintindex": 0},
				"down": {"uv": [9, 0, 10.5, 1.5], "texture": "#cross", "tintindex": 0}
			}
		},
		{
			"from": [2, -8, 1],
			"to": [3.5, 8, 2.5],
			"shade": false,
			"rotation": {"angle": 0, "axis": "y", "origin": [2.75, 0, 1.75]},
			"faces": {
				"north": {"uv": [13, 0, 15, 16], "texture": "#cross", "tintindex": 0},
				"east": {"uv": [13, 0, 15, 16], "texture": "#cross", "tintindex": 0},
				"south": {"uv": [13, 0, 15, 16], "texture": "#cross", "tintindex": 0},
				"west": {"uv": [13, 0, 15.03125, 16], "texture": "#cross", "tintindex": 0},
				"up": {"uv": [1, 0, 2.5, 1.5], "texture": "#cross", "tintindex": 0},
				"down": {"uv": [13, 0, 14.5, 1.5], "texture": "#cross", "tintindex": 0}
			}
		},
		{
			"from": [12.5, -8, 13.5],
			"to": [14, 8, 15],
			"shade": false,
			"rotation": {"angle": 0, "axis": "y", "origin": [13.25, 0, 14.25]},
			"faces": {
				"north": {"uv": [13, 0, 15, 16], "texture": "#cross", "tintindex": 0},
				"east": {"uv": [13, 0, 15, 16], "texture": "#cross", "tintindex": 0},
				"south": {"uv": [13, 0, 15, 16], "texture": "#cross", "tintindex": 0},
				"west": {"uv": [13, 0, 15, 16], "texture": "#cross", "tintindex": 0},
				"up": {"uv": [13, 14.5, 14.5, 16], "texture": "#cross", "tintindex": 0},
				"down": {"uv": [1, 14.5, 2.5, 16], "texture": "#cross", "tintindex": 0}
			}
		},
		{
			"from": [10, 0, 9.5],
			"to": [11, 16, 10.5],
			"shade": false,
			"rotation": {"angle": 0, "axis": "y", "origin": [10.5, 0, 10]},
			"faces": {
				"north": {"uv": [9, 0, 11, 16], "texture": "#cross", "tintindex": 0},
				"east": {"uv": [9, 0, 11, 16], "texture": "#cross", "tintindex": 0},
				"south": {"uv": [9, 0, 11, 16], "texture": "#cross", "tintindex": 0},
				"west": {"uv": [9, 0, 11, 16], "texture": "#cross", "tintindex": 0},
				"up": {"uv": [9, 14.5, 10.5, 16], "texture": "#cross", "tintindex": 0},
				"down": {"uv": [5, 14.5, 6.5, 16], "texture": "#cross", "tintindex": 0}
			}
		},
		{
			"from": [5.5, -4, 10],
			"to": [7, 12, 11.5],
			"shade": false,
			"rotation": {"angle": 0, "axis": "y", "origin": [6.25, 0, 10.75]},
			"faces": {
				"north": {"uv": [5, 0, 7, 16], "texture": "#cross", "tintindex": 0},
				"east": {"uv": [5, 0, 7, 16], "texture": "#cross", "tintindex": 0},
				"south": {"uv": [5, 0, 7, 16], "texture": "#cross", "tintindex": 0},
				"west": {"uv": [5, 0, 7, 16], "texture": "#cross", "tintindex": 0},
				"up": {"uv": [5, 14.5, 6.5, 16], "texture": "#cross", "tintindex": 0},
				"down": {"uv": [9, 14.5, 10.5, 16], "texture": "#cross", "tintindex": 0}
			}
		},
		{
			"from": [1.5, 0, 13],
			"to": [2.5, 16, 14],
			"shade": false,
			"rotation": {"angle": 0, "axis": "y", "origin": [2, 0, 13.5]},
			"faces": {
				"north": {"uv": [1, 0, 3, 16], "texture": "#cross", "tintindex": 0},
				"east": {"uv": [1, 0, 3, 16], "texture": "#cross", "tintindex": 0},
				"south": {"uv": [1, 0, 3, 16], "texture": "#cross", "tintindex": 0},
				"west": {"uv": [1, 0, 3, 16], "texture": "#cross", "tintindex": 0},
				"up": {"uv": [1, 14.5, 2.5, 16], "texture": "#cross", "tintindex": 0},
				"down": {"uv": [13, 14.5, 14.5, 16], "texture": "#cross", "tintindex": 0}
			}
		}
	]
}