{
	"credit": "Made with Blockbench",
	"textures": {
		"0": "block/rail_wood",
		"1": "block/iron_block",
		"particle": "block/rail_wood"
	},
	"elements": [
		{
			"from": [12, 1, 0],
			"to": [13, 3, 24],
			"rotation": {"angle": -45, "axis": "x", "origin": [8, 1.25, 0]},
			"faces": {
				"north": {"uv": [0, 0, 1, 2], "texture": "#1"},
				"east": {"uv": [0, 0, 16, 2], "texture": "#1"},
				"south": {"uv": [0, 0, 1, 2], "texture": "#1"},
				"west": {"uv": [0, 0, 16, 2], "texture": "#1"},
				"up": {"uv": [0, 0, 16, 1], "rotation": 90, "texture": "#1"},
				"down": {"uv": [0, 0, 16, 1], "rotation": 270, "texture": "#1"}
			}
		},
		{
			"from": [3, 1, 0],
			"to": [4, 3, 24],
			"rotation": {"angle": -45, "axis": "x", "origin": [8, 1.25, 0]},
			"faces": {
				"north": {"uv": [0, 0, 1, 2], "texture": "#1"},
				"east": {"uv": [0, 0, 16, 2], "texture": "#1"},
				"south": {"uv": [0, 0, 1, 2], "texture": "#1"},
				"west": {"uv": [0, 0, 16, 2], "texture": "#1"},
				"up": {"uv": [0, 0, 16, 1], "rotation": 90, "texture": "#1"},
				"down": {"uv": [0, 0, 16, 1], "rotation": 270, "texture": "#1"}
			}
		},
		{
			"from": [0, 0, 18],
			"to": [16, 1, 22],
			"rotation": {"angle": -45, "axis": "x", "origin": [8, 1.25, 0]},
			"faces": {
				"north": {"uv": [0, 0, 16, 1], "texture": "#0"},
				"east": {"uv": [0, 0, 4, 1], "texture": "#0"},
				"south": {"uv": [0, 0, 16, 1], "texture": "#0"},
				"west": {"uv": [0, 0, 4, 1], "texture": "#0"},
				"up": {"uv": [0, 0, 4, 16], "rotation": 90, "texture": "#0"},
				"down": {"uv": [0, 0, 4, 16], "rotation": 270, "texture": "#0"}
			}
		},
		{
			"from": [0, 0, 3],
			"to": [16, 1, 7],
			"rotation": {"angle": -45, "axis": "x", "origin": [8, 1.25, 0]},
			"faces": {
				"north": {"uv": [0, 0, 16, 1], "texture": "#0"},
				"east": {"uv": [0, 0, 4, 1], "texture": "#0"},
				"south": {"uv": [0, 0, 16, 1], "texture": "#0"},
				"west": {"uv": [0, 0, 4, 1], "texture": "#0"},
				"up": {"uv": [0, 0, 4, 16], "rotation": 90, "texture": "#0"},
				"down": {"uv": [0, 0, 4, 16], "rotation": 270, "texture": "#0"}
			}
		},
		{
			"from": [0, 0, 10],
			"to": [16, 1, 14],
			"rotation": {"angle": -45, "axis": "x", "origin": [8, 1.25, 0]},
			"faces": {
				"north": {"uv": [0, 0, 16, 1], "texture": "#0"},
				"east": {"uv": [0, 0, 4, 1], "texture": "#0"},
				"south": {"uv": [0, 0, 16, 1], "texture": "#0"},
				"west": {"uv": [0, 0, 4, 1], "texture": "#0"},
				"up": {"uv": [0, 0, 4, 16], "rotation": 90, "texture": "#0"},
				"down": {"uv": [0, 0, 4, 16], "rotation": 270, "texture": "#0"}
			}
		}
	],
	"groups": [
		{
			"name": "group",
			"origin": [8, 1.25, 16],
			"color": 0,
			"children": [0, 1, 2, 3, 4]
		}
	]
}