{
	"credit": "Made with Blockbench",
	"textures": {
		"0": "block/lamp/shade",
		"particle": "block/lamp/shade"
	},
	"elements": [
		{
			"from": [1, 14, 15],
			"to": [15, 16, 16],
			"rotation": {"angle": 0, "axis": "y", "origin": [8, 14.5, 16]},
			"faces": {
				"north": {"uv": [5.48438, 7.32813, 11.625, 16], "texture": "#0"},
				"east": {"uv": [2.82813, 11.14063, 12.82813, 13.14063], "texture": "#0"},
				"south": {"uv": [2.70313, 9.07813, 12.70313, 11.07813], "texture": "#0"},
				"west": {"uv": [4.76563, 5.65625, 10.14063, 12.46875], "texture": "#0"},
				"up": {"uv": [2.78125, 8.45313, 12.28125, 14.35938], "texture": "#0"},
				"down": {"uv": [5.26563, 3.42188, 11.07813, 11.70313], "texture": "#0"}
			}
		}
	]
}