{
	"credit": "Made with Blockbench",
	"ambientocclusion": false,
	"textures": {
		"1": "block/ivy",
		"particle": "block/vine",
		"vine": "block/vine"
	},
	"elements": [
		{
			"from": [0, 0, 1.925],
			"to": [16, 16, 1.925],
			"shade": false,
			"rotation": {"angle": 0, "axis": "y", "origin": [0, 0, 1.825]},
			"faces": {
				"north": {"uv": [16, 0, 0, 16], "texture": "#vine", "tintindex": 0},
				"south": {"uv": [0, 0, 16, 16], "texture": "#vine"}
			}
		},
		{
			"from": [6.8, 12.52089, 2.48433],
			"to": [10.35, 16.04589, 2.48433],
			"rotation": {"angle": 22.5, "axis": "z", "origin": [7.325, 13.79589, 2.48433], "rescale": true},
			"faces": {
				"north": {"uv": [0, 0, 15.84375, 16], "rotation": 270, "texture": "#1"},
				"east": {"uv": [0, 0, 16, 15.84375], "rotation": 180, "texture": "#1"},
				"south": {"uv": [0, 0, 16, 15.84375], "rotation": 180, "texture": "#1"},
				"west": {"uv": [0, 0, 16, 15.84375], "rotation": 180, "texture": "#1"},
				"up": {"uv": [0, 0, 16, 15.84375], "rotation": 180, "texture": "#1"},
				"down": {"uv": [0, 0, 16, 15.84375], "rotation": 180, "texture": "#1"}
			}
		},
		{
			"from": [12.67736, 10.6096, 2.60933],
			"to": [15.27736, 13.2096, 2.60933],
			"rotation": {"angle": 0, "axis": "z", "origin": [13.64137, 11.76982, 2.60933], "rescale": true},
			"faces": {
				"north": {"uv": [0, 0, 15.84375, 16], "texture": "#1"},
				"east": {"uv": [0, 0, 16, 15.84375], "rotation": 90, "texture": "#1"},
				"south": {"uv": [0, 0, 16, 15.84375], "rotation": 90, "texture": "#1"},
				"west": {"uv": [0, 0, 16, 15.84375], "rotation": 90, "texture": "#1"},
				"up": {"uv": [0, 0, 16, 15.84375], "rotation": 90, "texture": "#1"},
				"down": {"uv": [0, 0, 16, 15.84375], "rotation": 90, "texture": "#1"}
			}
		},
		{
			"from": [8.25119, 8.07988, 2.80933],
			"to": [13.25119, 13.07988, 2.80933],
			"rotation": {"angle": -22.5, "axis": "z", "origin": [10.45134, 10.29525, 2.68433]},
			"faces": {
				"north": {"uv": [0, 0, 16, 15.84375], "texture": "#1", "tintindex": 0},
				"east": {"uv": [0, 0, 16, 15.84375], "texture": "#1"},
				"south": {"uv": [0, 0, 15.84375, 16], "rotation": 90, "texture": "#1"},
				"west": {"uv": [0, 0, 16, 15.84375], "texture": "#1"},
				"up": {"uv": [0, 0, 16, 15.84375], "rotation": 180, "texture": "#1"},
				"down": {"uv": [0, 0, 16, 15.84375], "rotation": 180, "texture": "#1"}
			}
		},
		{
			"from": [11.87619, 6.30488, 2.40933],
			"to": [16.87619, 11.30488, 2.40933],
			"rotation": {"angle": -22.5, "axis": "z", "origin": [10.45134, 10.29525, 2.68433]},
			"faces": {
				"north": {"uv": [0, 0, 16, 15.84375], "texture": "#1", "tintindex": 0},
				"east": {"uv": [0, 0, 16, 15.84375], "texture": "#1"},
				"south": {"uv": [0, 0, 15.84375, 16], "rotation": 90, "texture": "#1"},
				"west": {"uv": [0, 0, 16, 15.84375], "texture": "#1"},
				"up": {"uv": [0, 0, 16, 15.84375], "rotation": 180, "texture": "#1"},
				"down": {"uv": [0, 0, 16, 15.84375], "rotation": 180, "texture": "#1"}
			}
		},
		{
			"from": [5.25119, 5.77988, 2.28433],
			"to": [10.25119, 10.77988, 2.28433],
			"rotation": {"angle": -22.5, "axis": "z", "origin": [10.45134, 10.29525, 2.68433]},
			"faces": {
				"north": {"uv": [0, 0, 16, 15.84375], "texture": "#1", "tintindex": 0},
				"east": {"uv": [0, 0, 16, 15.84375], "texture": "#1"},
				"south": {"uv": [0, 0, 15.84375, 16], "rotation": 90, "texture": "#1"},
				"west": {"uv": [0, 0, 16, 15.84375], "texture": "#1"},
				"up": {"uv": [0, 0, 16, 15.84375], "rotation": 180, "texture": "#1"},
				"down": {"uv": [0, 0, 16, 15.84375], "rotation": 180, "texture": "#1"}
			}
		},
		{
			"from": [7.32101, 5.8304, 2.48433],
			"to": [11.02101, 9.5304, 2.48433],
			"rotation": {"angle": 22.5, "axis": "z", "origin": [10.45134, 10.29525, 2.68433], "rescale": true},
			"faces": {
				"north": {"uv": [0, 0, 15.84375, 16], "texture": "#1"},
				"east": {"uv": [0, 0, 16, 15.84375], "rotation": 90, "texture": "#1"},
				"south": {"uv": [0, 0, 16, 15.84375], "rotation": 90, "texture": "#1"},
				"west": {"uv": [0, 0, 16, 15.84375], "rotation": 90, "texture": "#1"},
				"up": {"uv": [0, 0, 16, 15.84375], "rotation": 90, "texture": "#1"},
				"down": {"uv": [0, 0, 16, 15.84375], "rotation": 90, "texture": "#1"}
			}
		},
		{
			"from": [-0.15399, 8.2804, 2.88433],
			"to": [3.54601, 11.9804, 2.88433],
			"rotation": {"angle": 22.5, "axis": "z", "origin": [10.45134, 10.29525, 2.68433], "rescale": true},
			"faces": {
				"north": {"uv": [0, 0, 15.84375, 16], "texture": "#1"},
				"east": {"uv": [0, 0, 16, 15.84375], "rotation": 90, "texture": "#1"},
				"south": {"uv": [0, 0, 16, 15.84375], "rotation": 90, "texture": "#1"},
				"west": {"uv": [0, 0, 16, 15.84375], "rotation": 90, "texture": "#1"},
				"up": {"uv": [0, 0, 16, 15.84375], "rotation": 90, "texture": "#1"},
				"down": {"uv": [0, 0, 16, 15.84375], "rotation": 90, "texture": "#1"}
			}
		},
		{
			"from": [8.64898, 11.61317, 2.48433],
			"to": [12.17398, 15.16317, 2.48433],
			"rotation": {"angle": -22.5, "axis": "z", "origin": [10.45134, 10.29525, 2.68433], "rescale": true},
			"faces": {
				"north": {"uv": [0, 0, 15.84375, 16], "texture": "#1"},
				"east": {"uv": [0, 0, 16, 15.84375], "rotation": 90, "texture": "#1"},
				"south": {"uv": [0, 0, 16, 15.84375], "rotation": 90, "texture": "#1"},
				"west": {"uv": [0, 0, 16, 15.84375], "rotation": 90, "texture": "#1"},
				"up": {"uv": [0, 0, 16, 15.84375], "rotation": 90, "texture": "#1"},
				"down": {"uv": [0, 0, 16, 15.84375], "rotation": 90, "texture": "#1"}
			}
		},
		{
			"from": [7.87398, 4.66317, 2.15933],
			"to": [11.39898, 8.21317, 2.15933],
			"rotation": {"angle": -22.5, "axis": "z", "origin": [10.45134, 10.29525, 2.68433], "rescale": true},
			"faces": {
				"north": {"uv": [0, 0, 15.84375, 16], "texture": "#1"},
				"east": {"uv": [0, 0, 16, 15.84375], "rotation": 90, "texture": "#1"},
				"south": {"uv": [0, 0, 16, 15.84375], "rotation": 90, "texture": "#1"},
				"west": {"uv": [0, 0, 16, 15.84375], "rotation": 90, "texture": "#1"},
				"up": {"uv": [0, 0, 16, 15.84375], "rotation": 90, "texture": "#1"},
				"down": {"uv": [0, 0, 16, 15.84375], "rotation": 90, "texture": "#1"}
			}
		},
		{
			"from": [12.11773, 1.34081, 2.13433],
			"to": [15.24273, 4.46581, 2.13433],
			"rotation": {"angle": -22.5, "axis": "z", "origin": [11.95832, 1.81315, 2.15933], "rescale": true},
			"faces": {
				"north": {"uv": [0, 0, 15.84375, 16], "texture": "#1"},
				"east": {"uv": [0, 0, 16, 15.84375], "rotation": 90, "texture": "#1"},
				"south": {"uv": [0, 0, 16, 15.84375], "rotation": 90, "texture": "#1"},
				"west": {"uv": [0, 0, 16, 15.84375], "rotation": 90, "texture": "#1"},
				"up": {"uv": [0, 0, 16, 15.84375], "rotation": 90, "texture": "#1"},
				"down": {"uv": [0, 0, 16, 15.84375], "rotation": 90, "texture": "#1"}
			}
		},
		{
			"from": [8.14573, 5.96907, 2.15933],
			"to": [11.77073, 9.59407, 2.15933],
			"rotation": {"angle": 45, "axis": "z", "origin": [8.80607, 1.91089, 2.15933], "rescale": true},
			"faces": {
				"north": {"uv": [0, 0, 15.84375, 16], "texture": "#1"},
				"east": {"uv": [0, 0, 16, 15.84375], "rotation": 90, "texture": "#1"},
				"south": {"uv": [0, 0, 16, 15.84375], "rotation": 90, "texture": "#1"},
				"west": {"uv": [0, 0, 16, 15.84375], "rotation": 90, "texture": "#1"},
				"up": {"uv": [0, 0, 16, 15.84375], "rotation": 90, "texture": "#1"},
				"down": {"uv": [0, 0, 16, 15.84375], "rotation": 90, "texture": "#1"}
			}
		},
		{
			"from": [4.46098, 0.1204, 2.88433],
			"to": [9.46098, 5.1204, 2.88433],
			"rotation": {"angle": 0, "axis": "z", "origin": [6.75134, 3.82025, 2.68433]},
			"faces": {
				"north": {"uv": [0, 0, 16, 15.84375], "rotation": 270, "texture": "#1", "tintindex": 0},
				"east": {"uv": [0, 0, 16, 15.84375], "rotation": 270, "texture": "#1"},
				"south": {"uv": [0, 0, 15.84375, 16], "rotation": 180, "texture": "#1"},
				"west": {"uv": [0, 0, 16, 15.84375], "rotation": 270, "texture": "#1"},
				"up": {"uv": [0, 0, 16, 15.84375], "rotation": 90, "texture": "#1"},
				"down": {"uv": [0, 0, 16, 15.84375], "rotation": 90, "texture": "#1"}
			}
		},
		{
			"from": [2.46098, 3.4954, 2.28433],
			"to": [7.16098, 8.1954, 2.28433],
			"rotation": {"angle": 0, "axis": "z", "origin": [6.75134, 3.82025, 2.68433]},
			"faces": {
				"north": {"uv": [0, 0, 16, 15.84375], "rotation": 270, "texture": "#1", "tintindex": 0},
				"east": {"uv": [0, 0, 16, 15.84375], "rotation": 270, "texture": "#1"},
				"south": {"uv": [0, 0, 15.84375, 16], "rotation": 180, "texture": "#1"},
				"west": {"uv": [0, 0, 16, 15.84375], "rotation": 270, "texture": "#1"},
				"up": {"uv": [0, 0, 16, 15.84375], "rotation": 90, "texture": "#1"},
				"down": {"uv": [0, 0, 16, 15.84375], "rotation": 90, "texture": "#1"}
			}
		},
		{
			"from": [3.62101, -0.6446, 2.48433],
			"to": [7.32101, 3.0554, 2.48433],
			"rotation": {"angle": -45, "axis": "z", "origin": [6.75134, 3.82025, 2.68433], "rescale": true},
			"faces": {
				"north": {"uv": [0, 0, 15.84375, 16], "texture": "#1"},
				"east": {"uv": [0, 0, 16, 15.84375], "rotation": 90, "texture": "#1"},
				"south": {"uv": [0, 0, 16, 15.84375], "rotation": 90, "texture": "#1"},
				"west": {"uv": [0, 0, 16, 15.84375], "rotation": 90, "texture": "#1"},
				"up": {"uv": [0, 0, 16, 15.84375], "rotation": 90, "texture": "#1"},
				"down": {"uv": [0, 0, 16, 15.84375], "rotation": 90, "texture": "#1"}
			}
		},
		{
			"from": [8.06926, 2.09762, 2.48433],
			"to": [11.56926, 5.59762, 2.48433],
			"rotation": {"angle": 0, "axis": "z", "origin": [6.75134, 3.82025, 2.68433], "rescale": true},
			"faces": {
				"north": {"uv": [0, 0, 15.84375, 16], "rotation": 270, "texture": "#1"},
				"east": {"uv": [0, 0, 16, 15.84375], "rotation": 180, "texture": "#1"},
				"south": {"uv": [0, 0, 16, 15.84375], "rotation": 180, "texture": "#1"},
				"west": {"uv": [0, 0, 16, 15.84375], "rotation": 180, "texture": "#1"},
				"up": {"uv": [0, 0, 16, 15.84375], "rotation": 180, "texture": "#1"},
				"down": {"uv": [0, 0, 16, 15.84375], "rotation": 180, "texture": "#1"}
			}
		},
		{
			"from": [-0.81269, 7.27796, 2.48433],
			"to": [2.88731, 10.97796, 2.48433],
			"rotation": {"angle": -22.5, "axis": "z", "origin": [5.37144, 8.33712, 2.48433], "rescale": true},
			"faces": {
				"north": {"uv": [0, 0, 15.84375, 16], "texture": "#1"},
				"east": {"uv": [0, 0, 16, 15.84375], "rotation": 90, "texture": "#1"},
				"south": {"uv": [0, 0, 16, 15.84375], "rotation": 90, "texture": "#1"},
				"west": {"uv": [0, 0, 16, 15.84375], "rotation": 90, "texture": "#1"},
				"up": {"uv": [0, 0, 16, 15.84375], "rotation": 90, "texture": "#1"},
				"down": {"uv": [0, 0, 16, 15.84375], "rotation": 90, "texture": "#1"}
			}
		},
		{
			"from": [1.675, 12.22089, 2.18433],
			"to": [6.675, 17.22089, 2.18433],
			"rotation": {"angle": 22.5, "axis": "z", "origin": [3.9, 9.69589, 2.48433]},
			"faces": {
				"north": {"uv": [0, 0, 16, 15.84375], "rotation": 270, "texture": "#1", "tintindex": 0},
				"east": {"uv": [0, 0, 16, 15.84375], "rotation": 270, "texture": "#1"},
				"south": {"uv": [0, 0, 15.84375, 16], "rotation": 180, "texture": "#1"},
				"west": {"uv": [0, 0, 16, 15.84375], "rotation": 270, "texture": "#1"},
				"up": {"uv": [0, 0, 16, 15.84375], "rotation": 90, "texture": "#1"},
				"down": {"uv": [0, 0, 16, 15.84375], "rotation": 90, "texture": "#1"}
			}
		},
		{
			"from": [4.5, 9.09589, 2.65933],
			"to": [9.5, 14.09589, 2.65933],
			"rotation": {"angle": 22.5, "axis": "z", "origin": [3.9, 9.69589, 2.48433]},
			"faces": {
				"north": {"uv": [0, 0, 16, 15.84375], "rotation": 270, "texture": "#1", "tintindex": 0},
				"east": {"uv": [0, 0, 16, 15.84375], "rotation": 270, "texture": "#1"},
				"south": {"uv": [0, 0, 15.84375, 16], "rotation": 180, "texture": "#1"},
				"west": {"uv": [0, 0, 16, 15.84375], "rotation": 270, "texture": "#1"},
				"up": {"uv": [0, 0, 16, 15.84375], "rotation": 90, "texture": "#1"},
				"down": {"uv": [0, 0, 16, 15.84375], "rotation": 90, "texture": "#1"}
			}
		}
	],
	"groups": [
		{
			"name": "group",
			"origin": [3.325, 4.89325, 0.07147],
			"color": 0,
			"children": [0, 1, 2, 3, 4, 5, 6, 7, 8, 9, 10, 11, 12, 13, 14, 15, 16, 17, 18]
		}
	]
}