{
	"credit": "Made with Blockbench",
	"ambientocclusion": false,
	"textures": {
		"1": "block/ivy",
		"particle": "block/vine",
		"vine": "block/vine"
	},
	"elements": [
		{
			"from": [0, 0, 0.925],
			"to": [16, 16, 0.925],
			"shade": false,
			"rotation": {"angle": 0, "axis": "y", "origin": [0, 0, 0.825]},
			"faces": {
				"north": {"uv": [16, 0, 0, 16], "texture": "#vine", "tintindex": 0},
				"south": {"uv": [0, 0, 16, 16], "texture": "#vine"}
			}
		},
		{
			"from": [8.975, 11.12089, 1.48433],
			"to": [12.525, 14.64589, 1.48433],
			"rotation": {"angle": 22.5, "axis": "z", "origin": [7.325, 13.79589, 1.48433], "rescale": true},
			"faces": {
				"north": {"uv": [0, 0, 15.84375, 16], "rotation": 270, "texture": "#1"},
				"east": {"uv": [0, 0, 16, 15.84375], "rotation": 180, "texture": "#1"},
				"south": {"uv": [0, 0, 16, 15.84375], "rotation": 180, "texture": "#1"},
				"west": {"uv": [0, 0, 16, 15.84375], "rotation": 180, "texture": "#1"},
				"up": {"uv": [0, 0, 16, 15.84375], "rotation": 180, "texture": "#1"},
				"down": {"uv": [0, 0, 16, 15.84375], "rotation": 180, "texture": "#1"}
			}
		},
		{
			"from": [10.02736, 8.4096, 1.60933],
			"to": [12.62736, 11.0096, 1.60933],
			"rotation": {"angle": 0, "axis": "y", "origin": [13.64137, 11.76982, 1.60933], "rescale": true},
			"faces": {
				"north": {"uv": [0, 0, 15.84375, 16], "texture": "#1"},
				"east": {"uv": [0, 0, 16, 15.84375], "rotation": 90, "texture": "#1"},
				"south": {"uv": [0, 0, 16, 15.84375], "rotation": 90, "texture": "#1"},
				"west": {"uv": [0, 0, 16, 15.84375], "rotation": 90, "texture": "#1"},
				"up": {"uv": [0, 0, 16, 15.84375], "rotation": 90, "texture": "#1"},
				"down": {"uv": [0, 0, 16, 15.84375], "rotation": 90, "texture": "#1"}
			}
		},
		{
			"from": [11.90119, 6.45488, 1.40933],
			"to": [16.90119, 11.45488, 1.40933],
			"rotation": {"angle": -22.5, "axis": "z", "origin": [10.45134, 10.29525, 1.68433]},
			"faces": {
				"north": {"uv": [0, 0, 16, 15.84375], "texture": "#1", "tintindex": 0},
				"east": {"uv": [0, 0, 16, 15.84375], "texture": "#1"},
				"south": {"uv": [0, 0, 15.84375, 16], "rotation": 90, "texture": "#1"},
				"west": {"uv": [0, 0, 16, 15.84375], "texture": "#1"},
				"up": {"uv": [0, 0, 16, 15.84375], "rotation": 180, "texture": "#1"},
				"down": {"uv": [0, 0, 16, 15.84375], "rotation": 180, "texture": "#1"}
			}
		},
		{
			"from": [4.32619, 7.80488, 1.28433],
			"to": [9.32619, 12.80488, 1.28433],
			"rotation": {"angle": -22.5, "axis": "z", "origin": [10.45134, 10.29525, 1.68433]},
			"faces": {
				"north": {"uv": [0, 0, 16, 15.84375], "texture": "#1", "tintindex": 0},
				"east": {"uv": [0, 0, 16, 15.84375], "texture": "#1"},
				"south": {"uv": [0, 0, 15.84375, 16], "rotation": 90, "texture": "#1"},
				"west": {"uv": [0, 0, 16, 15.84375], "texture": "#1"},
				"up": {"uv": [0, 0, 16, 15.84375], "rotation": 180, "texture": "#1"},
				"down": {"uv": [0, 0, 16, 15.84375], "rotation": 180, "texture": "#1"}
			}
		},
		{
			"from": [1.44601, 10.4554, 1.88433],
			"to": [5.14601, 14.1554, 1.88433],
			"rotation": {"angle": 22.5, "axis": "z", "origin": [10.45134, 10.29525, 1.68433], "rescale": true},
			"faces": {
				"north": {"uv": [0, 0, 15.84375, 16], "texture": "#1"},
				"east": {"uv": [0, 0, 16, 15.84375], "rotation": 90, "texture": "#1"},
				"south": {"uv": [0, 0, 16, 15.84375], "rotation": 90, "texture": "#1"},
				"west": {"uv": [0, 0, 16, 15.84375], "rotation": 90, "texture": "#1"},
				"up": {"uv": [0, 0, 16, 15.84375], "rotation": 90, "texture": "#1"},
				"down": {"uv": [0, 0, 16, 15.84375], "rotation": 90, "texture": "#1"}
			}
		},
		{
			"from": [12.11773, 1.34081, 1.13433],
			"to": [15.24273, 4.46581, 1.13433],
			"rotation": {"angle": -22.5, "axis": "z", "origin": [11.95832, 1.81315, 1.15933], "rescale": true},
			"faces": {
				"north": {"uv": [0, 0, 15.84375, 16], "texture": "#1"},
				"east": {"uv": [0, 0, 16, 15.84375], "rotation": 90, "texture": "#1"},
				"south": {"uv": [0, 0, 16, 15.84375], "rotation": 90, "texture": "#1"},
				"west": {"uv": [0, 0, 16, 15.84375], "rotation": 90, "texture": "#1"},
				"up": {"uv": [0, 0, 16, 15.84375], "rotation": 90, "texture": "#1"},
				"down": {"uv": [0, 0, 16, 15.84375], "rotation": 90, "texture": "#1"}
			}
		},
		{
			"from": [7.98598, 0.9204, 1.88433],
			"to": [12.98598, 5.9204, 1.88433],
			"rotation": {"angle": 0, "axis": "y", "origin": [6.75134, 3.82025, 1.68433]},
			"faces": {
				"north": {"uv": [0, 0, 16, 15.84375], "rotation": 270, "texture": "#1", "tintindex": 0},
				"east": {"uv": [0, 0, 16, 15.84375], "rotation": 270, "texture": "#1"},
				"south": {"uv": [0, 0, 15.84375, 16], "rotation": 180, "texture": "#1"},
				"west": {"uv": [0, 0, 16, 15.84375], "rotation": 270, "texture": "#1"},
				"up": {"uv": [0, 0, 16, 15.84375], "rotation": 90, "texture": "#1"},
				"down": {"uv": [0, 0, 16, 15.84375], "rotation": 90, "texture": "#1"}
			}
		},
		{
			"from": [0.56098, 1.9954, 1.28433],
			"to": [5.26098, 6.6954, 1.28433],
			"rotation": {"angle": 0, "axis": "y", "origin": [6.75134, 3.82025, 1.68433]},
			"faces": {
				"north": {"uv": [0, 0, 16, 15.84375], "rotation": 270, "texture": "#1", "tintindex": 0},
				"east": {"uv": [0, 0, 16, 15.84375], "rotation": 270, "texture": "#1"},
				"south": {"uv": [0, 0, 15.84375, 16], "rotation": 180, "texture": "#1"},
				"west": {"uv": [0, 0, 16, 15.84375], "rotation": 270, "texture": "#1"},
				"up": {"uv": [0, 0, 16, 15.84375], "rotation": 90, "texture": "#1"},
				"down": {"uv": [0, 0, 16, 15.84375], "rotation": 90, "texture": "#1"}
			}
		},
		{
			"from": [1.325, 11.44589, 1.50933],
			"to": [6.325, 16.44589, 1.50933],
			"rotation": {"angle": 22.5, "axis": "z", "origin": [3.9, 9.69589, 1.48433]},
			"faces": {
				"north": {"uv": [0, 0, 16, 15.84375], "rotation": 270, "texture": "#1", "tintindex": 0},
				"east": {"uv": [0, 0, 16, 15.84375], "rotation": 270, "texture": "#1"},
				"south": {"uv": [0, 0, 15.84375, 16], "rotation": 180, "texture": "#1"},
				"west": {"uv": [0, 0, 16, 15.84375], "rotation": 270, "texture": "#1"},
				"up": {"uv": [0, 0, 16, 15.84375], "rotation": 90, "texture": "#1"},
				"down": {"uv": [0, 0, 16, 15.84375], "rotation": 90, "texture": "#1"}
			}
		},
		{
			"from": [3, 3.57089, 1.65933],
			"to": [8, 8.57089, 1.65933],
			"rotation": {"angle": 22.5, "axis": "z", "origin": [3.9, 9.69589, 1.48433]},
			"faces": {
				"north": {"uv": [0, 0, 16, 15.84375], "rotation": 270, "texture": "#1", "tintindex": 0},
				"east": {"uv": [0, 0, 16, 15.84375], "rotation": 270, "texture": "#1"},
				"south": {"uv": [0, 0, 15.84375, 16], "rotation": 180, "texture": "#1"},
				"west": {"uv": [0, 0, 16, 15.84375], "rotation": 270, "texture": "#1"},
				"up": {"uv": [0, 0, 16, 15.84375], "rotation": 90, "texture": "#1"},
				"down": {"uv": [0, 0, 16, 15.84375], "rotation": 90, "texture": "#1"}
			}
		}
	],
	"groups": [
		{
			"name": "group",
			"origin": [3.325, 4.89325, 0.07147],
			"color": 0,
			"children": [0, 1, 2, 3, 4, 5, 6, 7, 8, 9, 10]
		}
	]
}