{
	"credit": "Made with Blockbench",
	"ambientocclusion": false,
	"textures": {
		"1": "block/fire",
		"particle": "block/torch_base",
		"torch": "block/torch_base"
	},
	"elements": [
		{
			"from": [-1, 3.5, 7],
			"to": [1, 11.5, 9],
			"shade": false,
			"rotation": {"angle": -22.5, "axis": "z", "origin": [0, 3.5, 8]},
			"faces": {
				"north": {"uv": [0, 0, 16, 15.95313], "texture": "#torch"},
				"east": {"uv": [0, 0, 16, 16], "texture": "#torch"},
				"south": {"uv": [0, 0, 16, 16], "texture": "#torch"},
				"west": {"uv": [0, 0, 16, 16], "texture": "#torch"},
				"up": {"uv": [7, 6, 9, 8], "texture": "#torch"},
				"down": {"uv": [7, 13, 9, 15], "texture": "#torch"}
			}
		},
		{
			"from": [1.475, 10.475, 6.525],
			"to": [4.375, 11.375, 9.425],
			"shade": false,
			"rotation": {"angle": 0, "axis": "z", "origin": [-0.775, 1.75, 8]},
			"faces": {
				"north": {"uv": [0, 0, 16, 15.95313], "texture": "#torch"},
				"east": {"uv": [0, 0, 16, 16], "texture": "#torch"},
				"south": {"uv": [0, 0, 16, 16], "texture": "#torch"},
				"west": {"uv": [0, 0, 16, 16], "texture": "#torch"},
				"up": {"uv": [0, 0, 16, 16], "texture": "#torch"},
				"down": {"uv": [0, 0, 16, 16], "texture": "#torch"}
			}
		},
		{
			"from": [3.05, 11.325, 6.425],
			"to": [3.05, 19.475, 9.625],
			"shade": false,
			"rotation": {"angle": 0, "axis": "z", "origin": [3.05, 14.625, 8.125]},
			"faces": {
				"north": {"uv": [0, 0, 16, 15.95313], "texture": "#missing"},
				"east": {"uv": [2.04167, 0, 13.8125, 13.22917], "texture": "#1"},
				"south": {"uv": [0, 0, 16, 16], "texture": "#missing"},
				"west": {"uv": [0, 0, 16, 13.22917], "texture": "#1"},
				"up": {"uv": [0, 0, 16, 16], "texture": "#missing"},
				"down": {"uv": [0, 0, 16, 16], "texture": "#missing"}
			}
		},
		{
			"from": [1.65, 10.325, 8.125],
			"to": [4.25, 20.425, 8.125],
			"shade": false,
			"rotation": {"angle": -22.5, "axis": "y", "origin": [3.05, 13.9375, 8.125]},
			"faces": {
				"north": {"uv": [2.04167, 0, 13.29167, 13.5], "texture": "#1"},
				"east": {"uv": [0, 0, 16, 16], "texture": "#missing"},
				"south": {"uv": [2.60417, 0, 13.33333, 13.54167], "texture": "#1"},
				"west": {"uv": [0, 0, 16, 15.95313], "texture": "#missing"},
				"up": {"uv": [0, 0, 16, 16], "rotation": 270, "texture": "#missing"},
				"down": {"uv": [0, 0, 16, 16], "rotation": 90, "texture": "#missing"}
			}
		},
		{
			"from": [1.45, 11.35, 6.175],
			"to": [4.35, 12.55, 6.575],
			"shade": false,
			"rotation": {"angle": -22.5, "axis": "x", "origin": [2.9, 12.1, 6.3]},
			"faces": {
				"north": {"uv": [0, 0, 16, 16], "rotation": 180, "texture": "#torch"},
				"east": {"uv": [0, 0, 16, 16], "rotation": 270, "texture": "#torch"},
				"south": {"uv": [0, 0, 16, 16], "texture": "#torch"},
				"west": {"uv": [0, 0, 16, 16], "rotation": 90, "texture": "#torch"},
				"up": {"uv": [0, 0, 16, 15.95313], "rotation": 180, "texture": "#torch"},
				"down": {"uv": [0, 0, 16, 16], "texture": "#torch"}
			}
		},
		{
			"from": [4.225, 11.325, 6.5],
			"to": [4.625, 12.525, 9.4],
			"shade": false,
			"rotation": {"angle": -22.5, "axis": "z", "origin": [4.375, 12.1, 7.95]},
			"faces": {
				"north": {"uv": [0, 0, 16, 16], "rotation": 90, "texture": "#torch"},
				"east": {"uv": [0, 0, 16, 16], "rotation": 180, "texture": "#torch"},
				"south": {"uv": [0, 0, 16, 16], "rotation": 270, "texture": "#torch"},
				"west": {"uv": [0, 0, 16, 16], "texture": "#torch"},
				"up": {"uv": [0, 0, 16, 15.95313], "rotation": 270, "texture": "#torch"},
				"down": {"uv": [0, 0, 16, 16], "rotation": 270, "texture": "#torch"}
			}
		},
		{
			"from": [1.175, 11.4, 6.5],
			"to": [1.575, 12.6, 9.4],
			"shade": false,
			"rotation": {"angle": 22.5, "axis": "z", "origin": [1.375, 12.1, 7.95]},
			"faces": {
				"north": {"uv": [0, 0, 16, 16], "rotation": 90, "texture": "#torch"},
				"east": {"uv": [0, 0, 16, 16], "rotation": 180, "texture": "#torch"},
				"south": {"uv": [0, 0, 16, 16], "rotation": 270, "texture": "#torch"},
				"west": {"uv": [0, 0, 16, 16], "texture": "#torch"},
				"up": {"uv": [0, 0, 16, 15.95313], "rotation": 270, "texture": "#torch"},
				"down": {"uv": [0, 0, 16, 16], "rotation": 270, "texture": "#torch"}
			}
		},
		{
			"from": [1.45, 11.375, 9.475],
			"to": [4.35, 12.575, 9.875],
			"shade": false,
			"rotation": {"angle": 22.5, "axis": "x", "origin": [2.9, 12.1, 9.65]},
			"faces": {
				"north": {"uv": [0, 0, 16, 16], "rotation": 180, "texture": "#torch"},
				"east": {"uv": [0, 0, 16, 16], "rotation": 270, "texture": "#torch"},
				"south": {"uv": [0, 0, 16, 16], "texture": "#torch"},
				"west": {"uv": [0, 0, 16, 16], "rotation": 90, "texture": "#torch"},
				"up": {"uv": [0, 0, 16, 15.95313], "rotation": 180, "texture": "#torch"},
				"down": {"uv": [0, 0, 16, 16], "texture": "#torch"}
			}
		}
	]
}