{
	"credit": "Made with Blockbench",
	"parent": "block/block",
	"textures": {
		"bottom": "block/yellow_wool",
		"top": "block/yellow_wool",
		"side": "block/yellow_wool",
		"overlay": "block/yellow_wool"
	},
	"elements": [
		{
			"from": [0, 0, 0],
			"to": [16, 16, 16],
			"faces": {
				"north": {"uv": [0, 0, 16, 16], "texture": "#side","culface": "north", "tintindex": 0},
				"east": {"uv": [0, 0, 16, 16], "texture": "#side","culface": "east", "tintindex": 0},
				"south": {"uv": [0, 0, 16, 16], "texture": "#side","culface": "south", "tintindex": 0},
				"west": {"uv": [0, 0, 16, 16], "texture": "#side","culface": "west", "tintindex": 0},
				"up": {"uv": [0, 0, 16, 16], "texture": "#top","culface": "top", "tintindex": 0},
				"down": {"uv": [0, 0, 16,16], "texture": "#bottom","culface": "bottom", "tintindex": 0}
			}
		}
	]
}