{
	"credit": "Made with Blockbench",
	"ambientocclusion": false,
	"textures": {
		"1": "block/cmodels/warped_door",
		"2": "block/cmodels/jungle_door_handle",
		"particle": "block/cmodels/warped_door"
	},
	"elements": [
		{
			"from": [0.1, 9, 16],
			"to": [0.9, 12, 16.1],
			"rotation": {"angle": 0, "axis": "y", "origin": [-7, 8, 8]},
			"faces": {
				"east": {"uv": [13.53125, 6.60938, 12.29688, 8.39063], "texture": "#2"},
				"south": {"uv": [13.46875, 6.51563, 12.23438, 8.29688], "texture": "#2"},
				"west": {"uv": [13.46875, 6.57813, 12.23438, 8.35938], "texture": "#2"},
				"up": {"uv": [12.29688, 8.35938, 13.53125, 6.57813], "texture": "#2"},
				"down": {"uv": [12.29688, 8.26563, 13.53125, 6.48438], "texture": "#2"}
			}
		},
		{
			"from": [0, 0, 0],
			"to": [1, 16, 16],
			"faces": {
				"north": {"uv": [0, 0, 15, 1], "rotation": 90, "texture": "#1"},
				"east": {"uv": [0, 0, 16, 16], "rotation": 90, "texture": "#1"},
				"south": {"uv": [0, 0, 15, 1], "rotation": 90, "texture": "#1"},
				"west": {"uv": [0, 0, 16, 16], "rotation": 90, "texture": "#1"},
				"up": {"uv": [0, 0, 14, 1], "rotation": 90, "texture": "#1"}
			}
		}
	],
	"groups": [
		{
			"name": "group",
			"origin": [8, 8, 8],
			"color": 0,
			"children": [0, 1]
		}
	]
}