{
	"credit": "Made with Blockbench",
	"textures": {
		"1": "block/rail_wood",
		"2": "block/iron_block",
		"3": "block/orange_glazed_terracotta",
		"particle": "block/rail_wood"
	},
	"elements": [
		{
			"from": [12, 1, 0],
			"to": [13, 3, 16],
			"faces": {
				"north": {"uv": [0, 0, 1, 2], "texture": "#2"},
				"east": {"uv": [0, 0, 16, 2], "texture": "#2"},
				"south": {"uv": [0, 0, 1, 2], "texture": "#2"},
				"west": {"uv": [0, 0, 16, 2], "texture": "#2"},
				"up": {"uv": [0, 0, 16, 1], "rotation": 90, "texture": "#2"},
				"down": {"uv": [0, 0, 16, 1], "rotation": 270, "texture": "#2"}
			}
		},
		{
			"from": [3, 1, 0],
			"to": [4, 3, 16],
			"faces": {
				"north": {"uv": [0, 0, 1, 2], "texture": "#2"},
				"east": {"uv": [0, 0, 16, 2], "texture": "#2"},
				"south": {"uv": [0, 0, 1, 2], "texture": "#2"},
				"west": {"uv": [0, 0, 16, 2], "texture": "#2"},
				"up": {"uv": [0, 0, 16, 1], "rotation": 90, "texture": "#2"},
				"down": {"uv": [0, 0, 16, 1], "rotation": 270, "texture": "#2"}
			}
		},
		{
			"from": [0, 0, 10],
			"to": [16, 1, 14],
			"faces": {
				"north": {"uv": [0, 0, 16, 1], "texture": "#1"},
				"east": {"uv": [0, 0, 4, 1], "texture": "#1"},
				"south": {"uv": [0, 0, 16, 1], "texture": "#1"},
				"west": {"uv": [0, 0, 4, 1], "texture": "#1"},
				"up": {"uv": [0, 0, 4, 16], "rotation": 90, "texture": "#1"},
				"down": {"uv": [0, 0, 4, 16], "rotation": 270, "texture": "#1"}
			}
		},
		{
			"from": [0, 0, 2],
			"to": [16, 1, 6],
			"faces": {
				"north": {"uv": [0, 0, 16, 1], "texture": "#1"},
				"east": {"uv": [0, 0, 4, 1], "texture": "#1"},
				"south": {"uv": [0, 0, 16, 1], "texture": "#1"},
				"west": {"uv": [0, 0, 4, 1], "texture": "#1"},
				"up": {"uv": [0, 0, 4, 16], "rotation": 90, "texture": "#1"},
				"down": {"uv": [0, 0, 4, 16], "rotation": 270, "texture": "#1"}
			}
		},
		{
			"from": [13, 0, 7],
			"to": [14, 5, 9],
			"faces": {
				"north": {"uv": [0, 0, 1, 5], "texture": "#3"},
				"east": {"uv": [0, 0, 2, 5], "texture": "#3"},
				"south": {"uv": [0, 0, 1, 5], "texture": "#3"},
				"west": {"uv": [0, 0, 2, 5], "texture": "#3"},
				"up": {"uv": [0, 0, 1, 2], "texture": "#3"},
				"down": {"uv": [0, 0, 1, 2], "texture": "#3"}
			}
		},
		{
			"from": [2, 0, 7],
			"to": [3, 5, 9],
			"faces": {
				"north": {"uv": [0, 0, 1, 5], "texture": "#3"},
				"east": {"uv": [0, 0, 2, 5], "texture": "#3"},
				"south": {"uv": [0, 0, 1, 5], "texture": "#3"},
				"west": {"uv": [0, 0, 2, 5], "texture": "#3"},
				"up": {"uv": [0, 0, 1, 2], "texture": "#3"},
				"down": {"uv": [0, 0, 1, 2], "texture": "#3"}
			}
		}
	],
	"display": {
		"firstperson_righthand": {
			"rotation": [60, 0, 0]
		},
		"firstperson_lefthand": {
			"rotation": [60, 0, 0]
		},
		"gui": {
			"rotation": [90, 0, 0]
		}
	},
	"groups": [
		{
			"name": "rail",
			"origin": [8, 8, 8],
			"color": 0,
			"children": [0, 1, 2, 3]
		},
		4,
		5
	]
}