{
	"credit": "Made with Blockbench",
	"texture_size": [32, 32],
	"textures": {
		"0": "block/rail_wood",
		"1": "block/iron_block",
		"2": "block/orange_glazed_terracotta",
		"particle": "block/rail_wood"
	},
	"elements": [
		{
			"from": [12, 1, -8],
			"to": [13, 3, 16],
			"rotation": {"angle": 45, "axis": "x", "origin": [8, 1.25, 16]},
			"faces": {
				"north": {"uv": [0, 0, 1, 2], "texture": "#1"},
				"east": {"uv": [0, 0, 16, 2], "texture": "#1"},
				"south": {"uv": [0, 0, 1, 2], "texture": "#1"},
				"west": {"uv": [0, 0, 16, 2], "texture": "#1"},
				"up": {"uv": [0, 0, 16, 1], "rotation": 90, "texture": "#1"},
				"down": {"uv": [0, 0, 16, 1], "rotation": 270, "texture": "#1"}
			}
		},
		{
			"from": [3, 1, -8],
			"to": [4, 3, 16],
			"rotation": {"angle": 45, "axis": "x", "origin": [8, 1.25, 16]},
			"faces": {
				"north": {"uv": [0, 0, 1, 2], "texture": "#1"},
				"east": {"uv": [0, 0, 16, 2], "texture": "#1"},
				"south": {"uv": [0, 0, 1, 2], "texture": "#1"},
				"west": {"uv": [0, 0, 16, 2], "texture": "#1"},
				"up": {"uv": [0, 0, 16, 1], "rotation": 90, "texture": "#1"},
				"down": {"uv": [0, 0, 16, 1], "rotation": 270, "texture": "#1"}
			}
		},
		{
			"from": [0, 0, 10],
			"to": [16, 1, 14],
			"rotation": {"angle": 45, "axis": "x", "origin": [8, 1.25, 16]},
			"faces": {
				"north": {"uv": [0, 0, 16, 1], "texture": "#0"},
				"east": {"uv": [0, 0, 4, 1], "texture": "#0"},
				"south": {"uv": [0, 0, 16, 1], "texture": "#0"},
				"west": {"uv": [0, 0, 4, 1], "texture": "#0"},
				"up": {"uv": [0, 0, 4, 16], "rotation": 90, "texture": "#0"},
				"down": {"uv": [0, 0, 4, 16], "rotation": 270, "texture": "#0"}
			}
		},
		{
			"from": [0, 0, -5],
			"to": [16, 1, -1],
			"rotation": {"angle": 45, "axis": "x", "origin": [8, 1.25, 16]},
			"faces": {
				"north": {"uv": [0, 0, 16, 1], "texture": "#0"},
				"east": {"uv": [0, 0, 4, 1], "texture": "#0"},
				"south": {"uv": [0, 0, 16, 1], "texture": "#0"},
				"west": {"uv": [0, 0, 4, 1], "texture": "#0"},
				"up": {"uv": [0, 0, 4, 16], "rotation": 90, "texture": "#0"},
				"down": {"uv": [0, 0, 4, 16], "rotation": 270, "texture": "#0"}
			}
		},
		{
			"from": [0, 0, 2],
			"to": [16, 1, 6],
			"rotation": {"angle": 45, "axis": "x", "origin": [8, 1.25, 16]},
			"faces": {
				"north": {"uv": [0, 0, 16, 1], "texture": "#0"},
				"east": {"uv": [0, 0, 4, 1], "texture": "#0"},
				"south": {"uv": [0, 0, 16, 1], "texture": "#0"},
				"west": {"uv": [0, 0, 4, 1], "texture": "#0"},
				"up": {"uv": [0, 0, 4, 16], "rotation": 90, "texture": "#0"},
				"down": {"uv": [0, 0, 4, 16], "rotation": 270, "texture": "#0"}
			}
		},
		{
			"from": [11, 1, -8],
			"to": [12, 2, 16],
			"rotation": {"angle": 45, "axis": "x", "origin": [8, 1.25, 16]},
			"faces": {
				"north": {"uv": [2, 2, 2.5, 2.5], "texture": "#2"},
				"east": {"uv": [0, 0, 12, 0.5], "texture": "#2"},
				"south": {"uv": [2, 2.5, 2.5, 3], "texture": "#2"},
				"west": {"uv": [0, 0.5, 12, 1], "texture": "#2"},
				"up": {"uv": [0.5, 13, 0, 1], "texture": "#2"},
				"down": {"uv": [1, 1, 0.5, 13], "texture": "#2"}
			}
		},
		{
			"from": [4, 1, -8],
			"to": [5, 2, 16],
			"rotation": {"angle": 45, "axis": "x", "origin": [8, 1.25, 16]},
			"faces": {
				"north": {"uv": [2.5, 2, 3, 2.5], "texture": "#2"},
				"east": {"uv": [1, 1, 13, 1.5], "texture": "#2"},
				"south": {"uv": [2.5, 2.5, 3, 3], "texture": "#2"},
				"west": {"uv": [1, 1.5, 13, 2], "texture": "#2"},
				"up": {"uv": [1.5, 14, 1, 2], "texture": "#2"},
				"down": {"uv": [2, 2, 1.5, 14], "texture": "#2"}
			}
		}
	],
	"groups": [
		{
			"name": "group",
			"origin": [8, 1.25, 16],
			"color": 0,
			"children": [0, 1, 2, 3, 4]
		},
		5,
		6
	]
}