{
	"credit": "Made with Blockbench",
	"texture_size": [32, 32],
	"textures": {
		"0": "block/rail_wood",
		"1": "block/iron_block",
		"2": "block/orange_glazed_terracotta",
		"particle": "block/rail_wood"
	},
	"elements": [
		{
			"from": [12, 10.0585, -3.13084],
			"to": [13, 12.0585, 20.86916],
			"rotation": {"angle": -45, "axis": "x", "origin": [8, 9.5585, 9.36916]},
			"faces": {
				"north": {"uv": [0, 0, 1, 2], "texture": "#1"},
				"east": {"uv": [0, 0, 16, 2], "texture": "#1"},
				"south": {"uv": [0, 0, 1, 2], "texture": "#1"},
				"west": {"uv": [0, 0, 16, 2], "texture": "#1"},
				"up": {"uv": [0, 0, 16, 1], "rotation": 90, "texture": "#1"},
				"down": {"uv": [0, 0, 16, 1], "rotation": 270, "texture": "#1"}
			}
		},
		{
			"from": [3, 10.0585, -3.13084],
			"to": [4, 12.0585, 20.86916],
			"rotation": {"angle": -45, "axis": "x", "origin": [8, 9.5585, 9.36916]},
			"faces": {
				"north": {"uv": [0, 0, 1, 2], "texture": "#1"},
				"east": {"uv": [0, 0, 16, 2], "texture": "#1"},
				"south": {"uv": [0, 0, 1, 2], "texture": "#1"},
				"west": {"uv": [0, 0, 16, 2], "texture": "#1"},
				"up": {"uv": [0, 0, 16, 1], "rotation": 90, "texture": "#1"},
				"down": {"uv": [0, 0, 16, 1], "rotation": 270, "texture": "#1"}
			}
		},
		{
			"from": [0, 9.0585, 14.86916],
			"to": [16, 10.0585, 18.86916],
			"rotation": {"angle": -45, "axis": "x", "origin": [8, 9.5585, 9.36916]},
			"faces": {
				"north": {"uv": [0, 0, 16, 1], "texture": "#0"},
				"east": {"uv": [0, 0, 4, 1], "texture": "#0"},
				"south": {"uv": [0, 0, 16, 1], "texture": "#0"},
				"west": {"uv": [0, 0, 4, 1], "texture": "#0"},
				"up": {"uv": [0, 0, 4, 16], "rotation": 90, "texture": "#0"},
				"down": {"uv": [0, 0, 4, 16], "rotation": 270, "texture": "#0"}
			}
		},
		{
			"from": [0, 9.0585, -0.13084],
			"to": [16, 10.0585, 3.86916],
			"rotation": {"angle": -45, "axis": "x", "origin": [8, 9.5585, 9.36916]},
			"faces": {
				"north": {"uv": [0, 0, 16, 1], "texture": "#0"},
				"east": {"uv": [0, 0, 4, 1], "texture": "#0"},
				"south": {"uv": [0, 0, 16, 1], "texture": "#0"},
				"west": {"uv": [0, 0, 4, 1], "texture": "#0"},
				"up": {"uv": [0, 0, 4, 16], "rotation": 90, "texture": "#0"},
				"down": {"uv": [0, 0, 4, 16], "rotation": 270, "texture": "#0"}
			}
		},
		{
			"from": [0, 9.0585, 6.86916],
			"to": [16, 10.0585, 10.86916],
			"rotation": {"angle": -45, "axis": "x", "origin": [8, 9.5585, 9.36916]},
			"faces": {
				"north": {"uv": [0, 0, 16, 1], "texture": "#0"},
				"east": {"uv": [0, 0, 4, 1], "texture": "#0"},
				"south": {"uv": [0, 0, 16, 1], "texture": "#0"},
				"west": {"uv": [0, 0, 4, 1], "texture": "#0"},
				"up": {"uv": [0, 0, 4, 16], "rotation": 90, "texture": "#0"},
				"down": {"uv": [0, 0, 4, 16], "rotation": 270, "texture": "#0"}
			}
		},
		{
			"from": [4, 10.0585, -3.13084],
			"to": [5, 11.5585, 20.86916],
			"rotation": {"angle": -45, "axis": "x", "origin": [8, 9.5585, 9.36916]},
			"faces": {
				"north": {"uv": [0, 0, 1, 1], "texture": "#2"},
				"east": {"uv": [0, 0, 16, 1], "texture": "#2"},
				"south": {"uv": [0, 0, 1, 1], "texture": "#2"},
				"west": {"uv": [0, 0, 16, 1], "texture": "#2"},
				"up": {"uv": [0, 0, 1, 16], "texture": "#2"},
				"down": {"uv": [0, 0, 1, 16], "texture": "#2"}
			}
		},
		{
			"from": [11, 10.0585, -3.13084],
			"to": [12, 11.5585, 20.86916],
			"rotation": {"angle": -45, "axis": "x", "origin": [8, 9.5585, 9.36916]},
			"faces": {
				"north": {"uv": [1, 1, 1.5, 1.5], "texture": "#2"},
				"east": {"uv": [0, 0, 12, 0.5], "texture": "#2"},
				"south": {"uv": [1, 1.5, 1.5, 2], "texture": "#2"},
				"west": {"uv": [0, 0.5, 12, 1], "texture": "#2"},
				"up": {"uv": [0.5, 13, 0, 1], "texture": "#2"},
				"down": {"uv": [1, 1, 0.5, 13], "texture": "#2"}
			}
		},
		{
			"from": [7.5, 10.0585, -3.13084],
			"to": [8.5, 11.5585, 20.86916],
			"rotation": {"angle": -45, "axis": "x", "origin": [8, 9.5585, 9.36916]},
			"faces": {
				"north": {"uv": [1, 1, 1.5, 1.5], "texture": "#2"},
				"east": {"uv": [0, 0, 12, 0.5], "texture": "#2"},
				"south": {"uv": [1, 1.5, 1.5, 2], "texture": "#2"},
				"west": {"uv": [0, 0.5, 12, 1], "texture": "#2"},
				"up": {"uv": [0.5, 13, 0, 1], "texture": "#2"},
				"down": {"uv": [1, 1, 0.5, 13], "texture": "#2"}
			}
		}
	],
	"groups": [
		{
			"name": "group",
			"origin": [8, 1.25, 16],
			"color": 0,
			"children": [0, 1, 2, 3, 4, 5, 6, 7]
		}
	]
}